,k,destRegion,originRegion,migrations,originPop,destPop
1,0,Angola,Angola,0,23369131,23369131
2,0,Angola,NordicCountries,0,32140303,23369131
3,0,Angola,Madagascar,0,21151640,23369131
4,0,Angola,Canada,0,34168668,23369131
5,0,Angola,FrenchEurope,0,74473368,23369131
6,0,Angola,IndianSubcontinent,0,1602003617,23369131
7,0,Angola,Tajikistan,0,7641630,23369131
8,0,Angola,NorthAfrica,0,204310190,23369131
9,0,Angola,RussianAsia,0,55514817,23369131
10,0,Angola,ArabicWestAfrica,0,3609543,23369131
11,0,Angola,SoutheastAsia,0,597327771,23369131
12,0,Angola,ChineseAsia,0,1393132348,23369131
13,0,Angola,EasternEurope,0,294540681,23369131
14,7.52E-08,Angola,FrenchWestAfrica,667.5,304171621,23369131
15,0,Angola,ItalianEurope,0,66998485,23369131
16,0,Angola,BalkanPeninsula,0,29503649,23369131
17,0,Angola,AustrailiaNewZealand,0,26490126,23369131
18,0,Angola,BritishIsles,0,68013843,23369131
19,0,Angola,Somalia,0,12053223,23369131
20,0,Angola,Melanesia,0,8983311,23369131
21,2.48E-07,Angola,MiddleAfrica,903.2,107982268,23369131
22,1.91E-06,Angola,Portugal,951.6,10652321,23369131
23,0,Angola,Spain,0,46788630,23369131
24,0,Angola,SpanishSouthAmerica,0,198483935,23369131
25,0,Angola,CentralAmerica,0,160556595,23369131
26,0,Angola,Caribbean,0,41724731,23369131
27,0,Angola,Korea,0,74144454,23369131
28,0,Angola,Brazil,0,196796269,23369131
29,0,Angola,GermanEurope,0,113855625,23369131
30,0,Angola,Japan,0,128551873,23369131
31,1.43E-09,Angola,EastAfrica,13.2,313782635,23369131
32,0,Angola,TurkishMiddleEast,0,103089615,23369131
33,0,Angola,USA,0,308711621,23369131
34,0,Angola,ArabicMiddleEast,0,129648409,23369131
35,0,Angola,PersianMiddleEast,0,103370678,23369131
36,0,Angola,SouthernAfrica,0,59016093,23369131
37,2.47E-08,ArabicMiddleEast,FrenchWestAfrica,407.4,304171621,129648409
38,0,ArabicMiddleEast,Madagascar,0.4,21151640,129648409
39,1.43E-08,ArabicMiddleEast,Korea,70.4,74144454,129648409
40,1.26E-05,ArabicMiddleEast,NorthAfrica,147109,204310190,129648409
41,8.49E-06,ArabicMiddleEast,Somalia,8698.2,12053223,129648409
42,2.71E-07,ArabicMiddleEast,FrenchEurope,1329.9,74473368,129648409
43,1.01E-07,ArabicMiddleEast,SpanishSouthAmerica,1152.7,198483935,129648409
44,5.27E-10,ArabicMiddleEast,CentralAmerica,5.6,160556595,129648409
45,1.20E-07,ArabicMiddleEast,Canada,300.3,34168668,129648409
46,-4.01E-07,ArabicMiddleEast,RussianAsia,-1526.5,55514817,129648409
47,8.65E-07,ArabicMiddleEast,BritishIsles,3924.1,68013843,129648409
48,2.00E-06,ArabicMiddleEast,SoutheastAsia,58914.3,597327771,129648409
49,2.32E-07,ArabicMiddleEast,EastAfrica,3914.8,313782635,129648409
50,3.39E-07,ArabicMiddleEast,GermanEurope,2398.7,113855625,129648409
51,3.18E-06,ArabicMiddleEast,Tajikistan,2199,7641630,129648409
52,1.12E-06,ArabicMiddleEast,BalkanPeninsula,2483,29503649,129648409
53,5.28E-08,ArabicMiddleEast,SouthernAfrica,212.6,59016093,129648409
54,9.95E-09,ArabicMiddleEast,Japan,78.9,128551873,129648409
55,2.17E-09,ArabicMiddleEast,Portugal,2.8,10652321,129648409
56,5.51E-08,ArabicMiddleEast,ArabicWestAfrica,20.5,3609543,129648409
57,1.34E-06,ArabicMiddleEast,NordicCountries,3181.2,32140303,129648409
58,5.26E-08,ArabicMiddleEast,MiddleAfrica,355.1,107982268,129648409
59,1.34E-09,ArabicMiddleEast,Caribbean,4.6,41724731,129648409
60,6.90E-08,ArabicMiddleEast,Spain,227.5,46788630,129648409
61,2.79E-07,ArabicMiddleEast,USA,4643.3,308711621,129648409
62,1.54E-07,ArabicMiddleEast,AustrailiaNewZealand,311.3,26490126,129648409
63,0,ArabicMiddleEast,Melanesia,0.2,8983311,129648409
64,6.52E-08,ArabicMiddleEast,ItalianEurope,292.9,66998485,129648409
65,0,ArabicMiddleEast,Angola,0,23369131,129648409
66,6.99E-09,ArabicMiddleEast,Brazil,79.3,196796269,129648409
67,3.72E-05,ArabicMiddleEast,ArabicMiddleEast,294064.5,129648409,129648409
68,3.89E-06,ArabicMiddleEast,PersianMiddleEast,25294.6,103370678,129648409
69,3.20E-06,ArabicMiddleEast,EasternEurope,51158.3,294540681,129648409
70,4.64E-06,ArabicMiddleEast,TurkishMiddleEast,30104.2,103089615,129648409
71,1.12E-07,ArabicMiddleEast,ChineseAsia,6835.4,1393132348,129648409
72,6.77E-06,ArabicMiddleEast,IndianSubcontinent,464793.5,1602003617,129648409
73,2.06E-09,ArabicWestAfrica,GermanEurope,4.5,113855625,3609543
74,4.54E-10,ArabicWestAfrica,EasternEurope,2.2,294540681,3609543
75,5.16E-08,ArabicWestAfrica,NorthAfrica,166.3,204310190,3609543
76,0,ArabicWestAfrica,AustrailiaNewZealand,0,26490126,3609543
77,2.97E-09,ArabicWestAfrica,Korea,4.4,74144454,3609543
78,2.39E-08,ArabicWestAfrica,ArabicMiddleEast,52.8,129648409,3609543
79,2.43E-09,ArabicWestAfrica,ItalianEurope,3.6,66998485,3609543
80,0,ArabicWestAfrica,CentralAmerica,0,160556595,3609543
81,7.12E-07,ArabicWestAfrica,FrenchWestAfrica,3226.7,304171621,3609543
82,6.81E-08,ArabicWestAfrica,FrenchEurope,92.1,74473368,3609543
83,4.34E-09,ArabicWestAfrica,Canada,3.3,34168668,3609543
84,0,ArabicWestAfrica,Somalia,0,12053223,3609543
85,1.88E-08,ArabicWestAfrica,MiddleAfrica,35.7,107982268,3609543
86,0,ArabicWestAfrica,SoutheastAsia,0,597327771,3609543
87,5.52E-09,ArabicWestAfrica,Spain,5.4,46788630,3609543
88,0,ArabicWestAfrica,IndianSubcontinent,0.5,1602003617,3609543
89,1.91E-09,ArabicWestAfrica,SpanishSouthAmerica,6.1,198483935,3609543
90,0,ArabicWestAfrica,PersianMiddleEast,0.1,103370678,3609543
91,5.96E-10,ArabicWestAfrica,ChineseAsia,10,1393132348,3609543
92,2.80E-09,ArabicWestAfrica,TurkishMiddleEast,5.4,103089615,3609543
93,0,ArabicWestAfrica,NordicCountries,0.2,32140303,3609543
94,0,ArabicWestAfrica,RussianAsia,0.4,55514817,3609543
95,0,ArabicWestAfrica,BalkanPeninsula,0,29503649,3609543
96,0,ArabicWestAfrica,Caribbean,0.4,41724731,3609543
97,0,ArabicWestAfrica,SouthernAfrica,0,59016093,3609543
98,0,ArabicWestAfrica,Melanesia,0,8983311,3609543
99,3.21E-09,ArabicWestAfrica,Brazil,10.1,196796269,3609543
100,0,ArabicWestAfrica,Portugal,0,10652321,3609543
101,0,ArabicWestAfrica,Madagascar,0,21151640,3609543
102,0,ArabicWestAfrica,ArabicWestAfrica,0,3609543,3609543
103,0,ArabicWestAfrica,Tajikistan,-0.1,7641630,3609543
104,0,ArabicWestAfrica,BritishIsles,0,68013843,3609543
105,0,ArabicWestAfrica,Japan,0,128551873,3609543
106,0,ArabicWestAfrica,EastAfrica,0,313782635,3609543
107,0,ArabicWestAfrica,Angola,0,23369131,3609543
108,1.31E-09,ArabicWestAfrica,USA,6.9,308711621,3609543
109,5.51E-07,AustrailiaNewZealand,Japan,2439.2,128551873,26490126
110,6.56E-08,AustrailiaNewZealand,RussianAsia,141.7,55514817,26490126
111,1.13E-06,AustrailiaNewZealand,Canada,1606.9,34168668,26490126
112,4.88E-08,AustrailiaNewZealand,MiddleAfrica,186.2,107982268,26490126
113,5.11E-07,AustrailiaNewZealand,IndianSubcontinent,19822.8,1602003617,26490126
114,1.76E-08,AustrailiaNewZealand,Angola,18.6,23369131,26490126
115,4.21E-07,AustrailiaNewZealand,EasternEurope,3802,294540681,26490126
116,3.31E-06,AustrailiaNewZealand,SouthernAfrica,7496.3,59016093,26490126
117,3.75E-07,AustrailiaNewZealand,Somalia,217.5,12053223,26490126
118,6.40E-09,AustrailiaNewZealand,Madagascar,6.2,21151640,26490126
119,6.59E-07,AustrailiaNewZealand,PersianMiddleEast,2417.1,103370678,26490126
120,1.74E-06,AustrailiaNewZealand,ItalianEurope,4406.9,66998485,26490126
121,1.11E-07,AustrailiaNewZealand,Brazil,708.2,196796269,26490126
122,4.33E-07,AustrailiaNewZealand,NorthAfrica,2857.9,204310190,26490126
123,8.13E-07,AustrailiaNewZealand,TurkishMiddleEast,2978.4,103089615,26490126
124,6.93E-07,AustrailiaNewZealand,NordicCountries,931.4,32140303,26490126
125,7.61E-08,AustrailiaNewZealand,CentralAmerica,408.8,160556595,26490126
126,1.26E-06,AustrailiaNewZealand,GermanEurope,5026,113855625,26490126
127,2.05E-08,AustrailiaNewZealand,Tajikistan,8.4,7641630,26490126
128,1.75E-06,AustrailiaNewZealand,Korea,4837,74144454,26490126
129,1.12E-06,AustrailiaNewZealand,ArabicMiddleEast,4995.1,129648409,26490126
130,9.23E-06,AustrailiaNewZealand,Melanesia,4143.6,8983311,26490126
131,5.89E-07,AustrailiaNewZealand,ChineseAsia,20248.9,1393132348,26490126
132,3.76E-07,AustrailiaNewZealand,USA,3538,308711621,26490126
133,1.05E-07,AustrailiaNewZealand,Caribbean,176.7,41724731,26490126
134,4.51E-07,AustrailiaNewZealand,FrenchEurope,1248.2,74473368,26490126
135,5.10E-07,AustrailiaNewZealand,EastAfrica,4867.2,313782635,26490126
136,3.28E-07,AustrailiaNewZealand,SpanishSouthAmerica,2111.8,198483935,26490126
137,0,AustrailiaNewZealand,ArabicWestAfrica,0.4,3609543,26490126
138,7.52E-07,AustrailiaNewZealand,Portugal,391,10652321,26490126
139,1.31E-05,AustrailiaNewZealand,AustrailiaNewZealand,14873.8,26490126,26490126
140,1.83E-07,AustrailiaNewZealand,Spain,340.7,46788630,26490126
141,5.25E-06,AustrailiaNewZealand,BalkanPeninsula,6549.6,29503649,26490126
142,9.92E-08,AustrailiaNewZealand,FrenchWestAfrica,921.8,304171621,26490126
143,1.38E-06,AustrailiaNewZealand,SoutheastAsia,22909.8,597327771,26490126
144,9.46E-06,AustrailiaNewZealand,BritishIsles,24224.1,68013843,26490126
145,8.14E-08,BalkanPeninsula,Portugal,44.6,10652321,29503649
146,1.65E-07,BalkanPeninsula,BritishIsles,438.3,68013843,29503649
147,0,BalkanPeninsula,ArabicWestAfrica,0.1,3609543,29503649
148,-3.68E-07,BalkanPeninsula,GermanEurope,-1524.8,113855625,29503649
149,6.93E-09,BalkanPeninsula,Brazil,46.8,196796269,29503649
150,0,BalkanPeninsula,Angola,0.5,23369131,29503649
151,-3.04E-07,BalkanPeninsula,Canada,-448.7,34168668,29503649
152,9.88E-09,BalkanPeninsula,EastAfrica,98.5,313782635,29503649
153,0,BalkanPeninsula,Tajikistan,0.4,7641630,29503649
154,0,BalkanPeninsula,Melanesia,0.8,8983311,29503649
155,1.16E-08,BalkanPeninsula,ChineseAsia,415.1,1393132348,29503649
156,3.37E-08,BalkanPeninsula,Caribbean,59.7,41724731,29503649
157,1.66E-09,BalkanPeninsula,Somalia,1.4,12053223,29503649
158,1.41E-07,BalkanPeninsula,TurkishMiddleEast,538.7,103089615,29503649
159,1.30E-08,BalkanPeninsula,Japan,60.9,128551873,29503649
160,1.29E-08,BalkanPeninsula,SpanishSouthAmerica,86.2,198483935,29503649
161,-1.23E-07,BalkanPeninsula,USA,-1198.4,308711621,29503649
162,7.11E-07,BalkanPeninsula,ArabicMiddleEast,3298.4,129648409,29503649
163,6.31E-09,BalkanPeninsula,MiddleAfrica,25.3,107982268,29503649
164,2.49E-07,BalkanPeninsula,NordicCountries,348.5,32140303,29503649
165,1.03E-09,BalkanPeninsula,Madagascar,1.8,21151640,29503649
166,5.69E-08,BalkanPeninsula,SouthernAfrica,134.2,59016093,29503649
167,1.45E-08,BalkanPeninsula,FrenchWestAfrica,140.4,304171621,29503649
168,3.26E-08,BalkanPeninsula,IndianSubcontinent,1315.5,1602003617,29503649
169,5.02E-07,BalkanPeninsula,Spain,968.6,46788630,29503649
170,1.56E-06,BalkanPeninsula,BalkanPeninsula,2030.7,29503649,29503649
171,5.67E-08,BalkanPeninsula,NorthAfrica,389.2,204310190,29503649
172,6.62E-08,BalkanPeninsula,RussianAsia,148.7,55514817,29503649
173,1.09E-06,BalkanPeninsula,EasternEurope,10217,294540681,29503649
174,1.27E-08,BalkanPeninsula,CentralAmerica,71.3,160556595,29503649
175,1.30E-05,BalkanPeninsula,ItalianEurope,34089.5,66998485,29503649
176,9.20E-08,BalkanPeninsula,PersianMiddleEast,351.7,103370678,29503649
177,3.25E-09,BalkanPeninsula,SoutheastAsia,56.3,597327771,29503649
178,2.55E-08,BalkanPeninsula,Korea,73.7,74144454,29503649
179,-8.24E-08,BalkanPeninsula,FrenchEurope,-237.8,74473368,29503649
180,-3.85E-07,BalkanPeninsula,AustrailiaNewZealand,-455.8,26490126,29503649
181,5.69E-10,Brazil,BritishIsles,3.1,68013843,196796269
182,0,Brazil,PersianMiddleEast,0,103370678,196796269
183,1.23E-09,Brazil,FrenchEurope,7.3,74473368,196796269
184,-6.67E-09,Brazil,EasternEurope,-124.3,294540681,196796269
185,0,Brazil,Melanesia,0,8983311,196796269
186,1.47E-10,Brazil,NorthAfrica,2.6,204310190,196796269
187,-2.88E-09,Brazil,ItalianEurope,-15.8,66998485,196796269
188,1.75E-08,Brazil,BalkanPeninsula,45.8,29503649,196796269
189,0,Brazil,IndianSubcontinent,0.7,1602003617,196796269
190,1.90E-09,Brazil,Angola,4.8,23369131,196796269
191,0,Brazil,Caribbean,0.9,41724731,196796269
192,1.49E-07,Brazil,Portugal,159.4,10652321,196796269
193,0,Brazil,MiddleAfrica,0,107982268,196796269
194,1.99E-08,Brazil,Tajikistan,16.9,7641630,196796269
195,9.90E-11,Brazil,ChineseAsia,7.7,1393132348,196796269
196,0,Brazil,Canada,0.8,34168668,196796269
197,2.72E-09,Brazil,ArabicMiddleEast,25.5,129648409,196796269
198,5.89E-09,Brazil,SpanishSouthAmerica,78.1,198483935,196796269
199,3.61E-09,Brazil,NordicCountries,10.2,32140303,196796269
200,0,Brazil,ArabicWestAfrica,0,3609543,196796269
201,0,Brazil,SouthernAfrica,0,59016093,196796269
202,4.13E-10,Brazil,USA,8,308711621,196796269
203,0,Brazil,TurkishMiddleEast,0.5,103089615,196796269
204,9.06E-11,Brazil,CentralAmerica,1.9,160556595,196796269
205,0,Brazil,Madagascar,0,21151640,196796269
206,2.56E-09,Brazil,GermanEurope,21.8,113855625,196796269
207,0,Brazil,AustrailiaNewZealand,0.4,26490126,196796269
208,0,Brazil,Somalia,0,12053223,196796269
209,8.37E-09,Brazil,Spain,32.6,46788630,196796269
210,0,Brazil,FrenchWestAfrica,0,304171621,196796269
211,5.82E-09,Brazil,Japan,53,128551873,196796269
212,1.06E-09,Brazil,Korea,6.5,74144454,196796269
213,0,Brazil,Brazil,0,196796269,196796269
214,0,Brazil,SoutheastAsia,0,597327771,196796269
215,5.09E-11,Brazil,EastAfrica,1,313782635,196796269
216,1.60E-08,Brazil,RussianAsia,71.2,55514817,196796269
217,8.10E-07,BritishIsles,IndianSubcontinent,44065.6,1602003617,68013843
218,8.51E-08,BritishIsles,RussianAsia,257.5,55514817,68013843
219,2.23E-06,BritishIsles,TurkishMiddleEast,11448,103089615,68013843
220,2.74E-08,BritishIsles,Korea,106.7,74144454,68013843
221,2.31E-07,BritishIsles,Canada,460.8,34168668,68013843
222,1.20E-05,BritishIsles,NordicCountries,22684.5,32140303,68013843
223,1.01E-06,BritishIsles,PersianMiddleEast,5188,103370678,68013843
224,5.10E-06,BritishIsles,EasternEurope,64715.4,294540681,68013843
225,5.22E-07,BritishIsles,Spain,1360.5,46788630,68013843
226,6.04E-07,BritishIsles,Brazil,5414.5,196796269,68013843
227,1.16E-06,BritishIsles,ArabicMiddleEast,7276.2,129648409,68013843
228,1.05E-06,BritishIsles,EastAfrica,13996.7,313782635,68013843
229,3.10E-06,BritishIsles,Caribbean,7312.8,41724731,68013843
230,8.47E-08,BritishIsles,SpanishSouthAmerica,765.6,198483935,68013843
231,9.80E-08,BritishIsles,GermanEurope,549.7,113855625,68013843
232,3.64E-07,BritishIsles,AustrailiaNewZealand,582.4,26490126,68013843
233,-3.58E-07,BritishIsles,ArabicWestAfrica,-103.1,3609543,68013843
234,-1.48E-06,BritishIsles,Angola,-2121.1,23369131,68013843
235,9.80E-07,BritishIsles,SoutheastAsia,22838.4,597327771,68013843
236,1.18E-06,BritishIsles,FrenchWestAfrica,15364.2,304171621,68013843
237,1.39E-07,BritishIsles,MiddleAfrica,746.6,107982268,68013843
238,2.87E-06,BritishIsles,SouthernAfrica,9120.5,59016093,68013843
239,3.76E-06,BritishIsles,BalkanPeninsula,6590.8,29503649,68013843
240,-8.64E-08,BritishIsles,NorthAfrica,-800,204310190,68013843
241,-4.27E-07,BritishIsles,Japan,-2654.2,128551873,68013843
242,-1.23E-06,BritishIsles,BritishIsles,-4415.7,68013843,68013843
243,8.08E-07,BritishIsles,FrenchEurope,3140.3,74473368,68013843
244,1.14E-05,BritishIsles,Somalia,9294.1,12053223,68013843
245,1.05E-06,BritishIsles,Melanesia,660.3,8983311,68013843
246,1.13E-05,BritishIsles,Portugal,8258.4,10652321,68013843
247,7.33E-09,BritishIsles,ItalianEurope,27,66998485,68013843
248,1.63E-07,BritishIsles,CentralAmerica,1225.6,160556595,68013843
249,-2.31E-06,BritishIsles,Madagascar,-3041.6,21151640,68013843
250,2.73E-08,BritishIsles,Tajikistan,15.9,7641630,68013843
251,2.64E-07,BritishIsles,USA,3485.9,308711621,68013843
252,-5.85E-08,BritishIsles,ChineseAsia,-2823.1,1393132348,68013843
253,1.71E-06,Canada,BalkanPeninsula,2340.8,29503649,34168668
254,4.61E-07,Canada,Somalia,292,12053223,34168668
255,7.76E-07,Canada,IndianSubcontinent,32959,1602003617,34168668
256,1.75E-06,Canada,ItalianEurope,4839.7,66998485,34168668
257,4.48E-08,Canada,Madagascar,46.8,21151640,34168668
258,4.47E-07,Canada,SouthernAfrica,1110.8,59016093,34168668
259,4.04E-06,Canada,Caribbean,7455.4,41724731,34168668
260,4.13E-06,Canada,Portugal,2351,10652321,34168668
261,3.47E-07,Canada,EastAfrica,3629,313782635,34168668
262,2.59E-07,Canada,NordicCountries,382.5,32140303,34168668
263,1.78E-08,Canada,ArabicWestAfrica,4.4,3609543,34168668
264,1.35E-06,Canada,PersianMiddleEast,5434.2,103370678,34168668
265,1.29E-06,Canada,Melanesia,636.5,8983311,34168668
266,6.25E-07,Canada,CentralAmerica,3669.8,160556595,34168668
267,9.91E-08,Canada,Angola,111.6,23369131,34168668
268,2.04E-07,Canada,USA,2106.9,308711621,34168668
269,1.18E-06,Canada,EasternEurope,11720.2,294540681,34168668
270,1.17E-06,Canada,ArabicMiddleEast,5700.9,129648409,34168668
271,7.49E-07,Canada,GermanEurope,3273.7,113855625,34168668
272,4.59E-07,Canada,Canada,713,34168668,34168668
273,-2.47E-08,Canada,Japan,-120.7,128551873,34168668
274,5.95E-07,Canada,ChineseAsia,22419.9,1393132348,34168668
275,2.58E-07,Canada,RussianAsia,607.5,55514817,34168668
276,1.13E-06,Canada,Korea,3404,74144454,34168668
277,1.24E-07,Canada,Tajikistan,53,7641630,34168668
278,1.01E-06,Canada,SoutheastAsia,18336.1,597327771,34168668
279,6.06E-08,Canada,Brazil,424.2,196796269,34168668
280,5.68E-07,Canada,FrenchEurope,1722.7,74473368,34168668
281,8.29E-07,Canada,NorthAfrica,5991.6,204310190,34168668
282,2.44E-06,Canada,BritishIsles,6837.9,68013843,34168668
283,1.90E-07,Canada,FrenchWestAfrica,1937.6,304171621,34168668
284,5.23E-07,Canada,TurkishMiddleEast,2097.2,103089615,34168668
285,1.98E-07,Canada,MiddleAfrica,826.9,107982268,34168668
286,2.30E-07,Canada,AustrailiaNewZealand,287.6,26490126,34168668
287,1.20E-06,Canada,SpanishSouthAmerica,8461.8,198483935,34168668
288,7.32E-08,Canada,Spain,149.9,46788630,34168668
289,7.04E-09,Caribbean,ArabicMiddleEast,37.8,129648409,41724731
290,1.89E-09,Caribbean,Melanesia,1.1,8983311,41724731
291,6.75E-08,Caribbean,ItalianEurope,201.4,66998485,41724731
292,6.44E-10,Caribbean,NorthAfrica,5.9,204310190,41724731
293,5.56E-08,Caribbean,GermanEurope,261.6,113855625,41724731
294,-2.64E-07,Caribbean,USA,-2926.7,308711621,41724731
295,7.12E-09,Caribbean,SouthernAfrica,19.2,59016093,41724731
296,9.88E-10,Caribbean,ChineseAsia,40.3,1393132348,41724731
297,7.48E-09,Caribbean,Japan,39.7,128551873,41724731
298,2.05E-09,Caribbean,SoutheastAsia,40,597327771,41724731
299,1.64E-08,Caribbean,AustrailiaNewZealand,22.6,26490126,41724731
300,0,Caribbean,Angola,0.8,23369131,41724731
301,3.68E-09,Caribbean,FrenchEurope,12.9,74473368,41724731
302,1.65E-09,Caribbean,FrenchWestAfrica,18.9,304171621,41724731
303,0,Caribbean,Somalia,0.1,12053223,41724731
304,0,Caribbean,MiddleAfrica,0.4,107982268,41724731
305,3.44E-06,Caribbean,Caribbean,6817.5,41724731,41724731
306,9.28E-10,Caribbean,TurkishMiddleEast,4.8,103089615,41724731
307,3.27E-09,Caribbean,Portugal,2.9,10652321,41724731
308,0,Caribbean,ArabicWestAfrica,0,3609543,41724731
309,0,Caribbean,Madagascar,0.5,21151640,41724731
310,7.67E-10,Caribbean,IndianSubcontinent,35.1,1602003617,41724731
311,0,Caribbean,RussianAsia,0.1,55514817,41724731
312,1.24E-07,Caribbean,BritishIsles,373.4,68013843,41724731
313,6.80E-10,Caribbean,BalkanPeninsula,1.9,29503649,41724731
314,1.37E-07,Caribbean,Canada,229.9,34168668,41724731
315,1.92E-07,Caribbean,SpanishSouthAmerica,1455.2,198483935,41724731
316,5.32E-09,Caribbean,Brazil,40.8,196796269,41724731
317,1.16E-09,Caribbean,PersianMiddleEast,5.8,103370678,41724731
318,4.62E-09,Caribbean,Korea,15.9,74144454,41724731
319,1.13E-09,Caribbean,EasternEurope,12.4,294540681,41724731
320,1.78E-09,Caribbean,EastAfrica,20.1,313782635,41724731
321,7.91E-08,Caribbean,CentralAmerica,499.8,160556595,41724731
322,0,Caribbean,Tajikistan,0,7641630,41724731
323,5.40E-08,Caribbean,Spain,118.9,46788630,41724731
324,1.71E-08,Caribbean,NordicCountries,27.7,32140303,41724731
325,2.24E-08,CentralAmerica,ArabicMiddleEast,191.2,129648409,160556595
326,0,CentralAmerica,Madagascar,0.1,21151640,160556595
327,1.21E-08,CentralAmerica,EasternEurope,209.9,294540681,160556595
328,9.23E-10,CentralAmerica,SouthernAfrica,4.5,59016093,160556595
329,1.59E-09,CentralAmerica,NorthAfrica,20,204310190,160556595
330,4.51E-08,CentralAmerica,ItalianEurope,218.5,66998485,160556595
331,1.02E-09,CentralAmerica,Angola,2.3,23369131,160556595
332,0,CentralAmerica,Somalia,0.4,12053223,160556595
333,5.90E-08,CentralAmerica,GermanEurope,450.7,113855625,160556595
334,2.39E-08,CentralAmerica,Korea,126.3,74144454,160556595
335,3.08E-07,CentralAmerica,Spain,1094.7,46788630,160556595
336,2.28E-09,CentralAmerica,TurkishMiddleEast,16.7,103089615,160556595
337,2.43E-10,CentralAmerica,RussianAsia,1.5,55514817,160556595
338,0,CentralAmerica,Tajikistan,0.2,7641630,160556595
339,1.13E-08,CentralAmerica,BalkanPeninsula,27.2,29503649,160556595
340,2.10E-07,CentralAmerica,SpanishSouthAmerica,2582.5,198483935,160556595
341,1.07E-07,CentralAmerica,Canada,289.5,34168668,160556595
342,9.13E-07,CentralAmerica,USA,16432,308711621,160556595
343,1.74E-09,CentralAmerica,IndianSubcontinent,129.4,1602003617,160556595
344,0,CentralAmerica,ArabicWestAfrica,0.6,3609543,160556595
345,8.26E-09,CentralAmerica,ChineseAsia,543.3,1393132348,160556595
346,1.73E-09,CentralAmerica,SoutheastAsia,55.6,597327771,160556595
347,1.01E-08,CentralAmerica,AustrailiaNewZealand,22.4,26490126,160556595
348,3.25E-08,CentralAmerica,BritishIsles,159.7,68013843,160556595
349,2.33E-08,CentralAmerica,NordicCountries,60.8,32140303,160556595
350,4.12E-10,CentralAmerica,MiddleAfrica,3.3,107982268,160556595
351,2.62E-07,CentralAmerica,Caribbean,842,41724731,160556595
352,1.85E-09,CentralAmerica,PersianMiddleEast,13.4,103370678,160556595
353,2.19E-10,CentralAmerica,EastAfrica,4.7,313782635,160556595
354,4.50E-10,CentralAmerica,FrenchWestAfrica,8.7,304171621,160556595
355,1.21E-08,CentralAmerica,Brazil,148.7,196796269,160556595
356,2.12E-06,CentralAmerica,CentralAmerica,21731.9,160556595,160556595
357,1.78E-08,CentralAmerica,Japan,151.8,128551873,160556595
358,6.10E-08,CentralAmerica,FrenchEurope,323.3,74473368,160556595
359,0,CentralAmerica,Melanesia,0.3,8983311,160556595
360,1.91E-08,CentralAmerica,Portugal,19.1,10652321,160556595
361,0,ChineseAsia,BritishIsles,0,68013843,1393132348
362,0,ChineseAsia,Madagascar,0,21151640,1393132348
363,0,ChineseAsia,FrenchWestAfrica,0,304171621,1393132348
364,0,ChineseAsia,Spain,0,46788630,1393132348
365,7.19E-09,ChineseAsia,SoutheastAsia,497.9,597327771,1393132348
366,1.01E-09,ChineseAsia,RussianAsia,9.6,55514817,1393132348
367,0,ChineseAsia,Melanesia,0,8983311,1393132348
368,0,ChineseAsia,MiddleAfrica,0,107982268,1393132348
369,0,ChineseAsia,CentralAmerica,0,160556595,1393132348
370,7.64E-08,ChineseAsia,ChineseAsia,10932.9,1393132348,1393132348
371,0,ChineseAsia,Somalia,0,12053223,1393132348
372,2.23E-09,ChineseAsia,EasternEurope,84,294540681,1393132348
373,0,ChineseAsia,Brazil,0,196796269,1393132348
374,0,ChineseAsia,TurkishMiddleEast,0,103089615,1393132348
375,0,ChineseAsia,Caribbean,0,41724731,1393132348
376,0,ChineseAsia,BalkanPeninsula,0,29503649,1393132348
377,0,ChineseAsia,Japan,0,128551873,1393132348
378,0,ChineseAsia,ItalianEurope,0,66998485,1393132348
379,0,ChineseAsia,GermanEurope,0,113855625,1393132348
380,0,ChineseAsia,ArabicMiddleEast,0,129648409,1393132348
381,0,ChineseAsia,ArabicWestAfrica,0,3609543,1393132348
382,0,ChineseAsia,Angola,0,23369131,1393132348
383,0,ChineseAsia,AustrailiaNewZealand,0,26490126,1393132348
384,0,ChineseAsia,SpanishSouthAmerica,0,198483935,1393132348
385,0,ChineseAsia,EastAfrica,0,313782635,1393132348
386,0,ChineseAsia,SouthernAfrica,0,59016093,1393132348
387,0,ChineseAsia,USA,0,308711621,1393132348
388,0,ChineseAsia,NorthAfrica,0,204310190,1393132348
389,0,ChineseAsia,PersianMiddleEast,0,103370678,1393132348
390,0,ChineseAsia,Canada,0,34168668,1393132348
391,0,ChineseAsia,IndianSubcontinent,0,1602003617,1393132348
392,0,ChineseAsia,FrenchEurope,0,74473368,1393132348
393,0,ChineseAsia,Tajikistan,0,7641630,1393132348
394,-1.02E-08,ChineseAsia,Portugal,-22.6,10652321,1393132348
395,0,ChineseAsia,NordicCountries,0,32140303,1393132348
396,-2.00E-09,ChineseAsia,Korea,-23.4,74144454,1393132348
397,2.92E-06,EastAfrica,Angola,7268,23369131,313782635
398,6.75E-06,EastAfrica,Somalia,9500.8,12053223,313782635
399,2.20E-08,EastAfrica,Canada,76.2,34168668,313782635
400,7.43E-11,EastAfrica,SoutheastAsia,3.2,597327771,313782635
401,2.03E-09,EastAfrica,ArabicMiddleEast,22.5,129648409,313782635
402,-4.70E-09,EastAfrica,ChineseAsia,-393.1,1393132348,313782635
403,0,EastAfrica,EasternEurope,0,294540681,313782635
404,1.98E-06,EastAfrica,MiddleAfrica,18386.3,107982268,313782635
405,3.23E-08,EastAfrica,IndianSubcontinent,3051,1602003617,313782635
406,0,EastAfrica,CentralAmerica,0,160556595,313782635
407,2.23E-08,EastAfrica,ItalianEurope,137.5,66998485,313782635
408,0,EastAfrica,Melanesia,0,8983311,313782635
409,0,EastAfrica,TurkishMiddleEast,0,103089615,313782635
410,0,EastAfrica,PersianMiddleEast,0,103370678,313782635
411,0,EastAfrica,Spain,0,46788630,313782635
412,4.19E-07,EastAfrica,NorthAfrica,6728.5,204310190,313782635
413,3.63E-08,EastAfrica,FrenchEurope,245.4,74473368,313782635
414,1.41E-08,EastAfrica,BalkanPeninsula,43.8,29503649,313782635
415,1.81E-08,EastAfrica,FrenchWestAfrica,409.5,304171621,313782635
416,0,EastAfrica,Brazil,0,196796269,313782635
417,2.38E-08,EastAfrica,AustrailiaNewZealand,66.5,26490126,313782635
418,3.88E-08,EastAfrica,GermanEurope,377.2,113855625,313782635
419,0,EastAfrica,RussianAsia,0,55514817,313782635
420,1.41E-08,EastAfrica,USA,324.6,308711621,313782635
421,0,EastAfrica,Caribbean,0,41724731,313782635
422,2.55E-06,EastAfrica,Portugal,3228.8,10652321,313782635
423,0,EastAfrica,Tajikistan,0,7641630,313782635
424,-1.36E-07,EastAfrica,SouthernAfrica,-748.1,59016093,313782635
425,1.76E-09,EastAfrica,Japan,19.5,128551873,313782635
426,0,EastAfrica,ArabicWestAfrica,0,3609543,313782635
427,2.99E-08,EastAfrica,NordicCountries,98.9,32140303,313782635
428,-5.39E-08,EastAfrica,Madagascar,-123.4,21151640,313782635
429,0,EastAfrica,Korea,0,74144454,313782635
430,-2.30E-07,EastAfrica,BritishIsles,-1435.8,68013843,313782635
431,3.50E-06,EastAfrica,EastAfrica,81369.1,313782635,313782635
432,0,EastAfrica,SpanishSouthAmerica,0,198483935,313782635
433,4.32E-08,EasternEurope,AustrailiaNewZealand,117.5,26490126,294540681
434,1.21E-08,EasternEurope,Portugal,15.4,10652321,294540681
435,6.86E-09,EasternEurope,Korea,45.3,74144454,294540681
436,4.20E-07,EasternEurope,ArabicMiddleEast,4455.3,129648409,294540681
437,-1.57E-10,EasternEurope,CentralAmerica,-2.8,160556595,294540681
438,5.73E-10,EasternEurope,EastAfrica,13.4,313782635,294540681
439,1.18E-06,EasternEurope,RussianAsia,6021.8,55514817,294540681
440,8.68E-07,EasternEurope,EasternEurope,18659.9,294540681,294540681
441,0,EasternEurope,ArabicWestAfrica,0.1,3609543,294540681
442,-5.32E-07,EasternEurope,BalkanPeninsula,-1581.9,29503649,294540681
443,3.20E-08,EasternEurope,Canada,108.7,34168668,294540681
444,7.92E-09,EasternEurope,Spain,35,46788630,294540681
445,0,EasternEurope,Melanesia,0.5,8983311,294540681
446,6.54E-09,EasternEurope,Somalia,9.3,12053223,294540681
447,2.94E-09,EasternEurope,SpanishSouthAmerica,45.7,198483935,294540681
448,5.43E-08,EasternEurope,BritishIsles,331.9,68013843,294540681
449,-7.63E-09,EasternEurope,ChineseAsia,-624.6,1393132348,294540681
450,1.64E-09,EasternEurope,Angola,4.8,23369131,294540681
451,4.74E-08,EasternEurope,FrenchEurope,312,74473368,294540681
452,9.21E-10,EasternEurope,Brazil,14.2,196796269,294540681
453,-8.56E-10,EasternEurope,IndianSubcontinent,-79.9,1602003617,294540681
454,9.96E-10,EasternEurope,FrenchWestAfrica,22.6,304171621,294540681
455,9.50E-09,EasternEurope,PersianMiddleEast,83,103370678,294540681
456,2.14E-07,EasternEurope,GermanEurope,2028.5,113855625,294540681
457,-1.90E-09,EasternEurope,SoutheastAsia,-75.1,597327771,294540681
458,4.48E-10,EasternEurope,Madagascar,1.3,21151640,294540681
459,1.10E-06,EasternEurope,TurkishMiddleEast,9594.1,103089615,294540681
460,1.07E-06,EasternEurope,Tajikistan,999.9,7641630,294540681
461,1.41E-08,EasternEurope,ItalianEurope,85.1,66998485,294540681
462,-4.18E-09,EasternEurope,Japan,-44.5,128551873,294540681
463,-1.85E-10,EasternEurope,SouthernAfrica,-1.9,59016093,294540681
464,-3.58E-07,EasternEurope,NordicCountries,-1145.2,32140303,294540681
465,5.14E-09,EasternEurope,USA,115.2,308711621,294540681
466,-2.48E-09,EasternEurope,NorthAfrica,-39.9,204310190,294540681
467,6.62E-10,EasternEurope,MiddleAfrica,6.1,107982268,294540681
468,6.74E-09,EasternEurope,Caribbean,27.7,41724731,294540681
469,8.35E-05,FrenchEurope,Portugal,62974.6,10652321,74473368
470,1.22E-07,FrenchEurope,PersianMiddleEast,648.2,103370678,74473368
471,-3.53E-09,FrenchEurope,Tajikistan,-2.9,7641630,74473368
472,2.86E-08,FrenchEurope,Somalia,24.1,12053223,74473368
473,5.69E-07,FrenchEurope,EastAfrica,7876.1,313782635,74473368
474,2.45E-06,FrenchEurope,FrenchWestAfrica,33043.1,304171621,74473368
475,6.30E-07,FrenchEurope,SoutheastAsia,15153.4,597327771,74473368
476,-2.47E-07,FrenchEurope,USA,-3376.7,308711621,74473368
477,1.47E-07,FrenchEurope,Melanesia,96.8,8983311,74473368
478,-4.51E-07,FrenchEurope,SpanishSouthAmerica,-4213.6,198483935,74473368
479,5.62E-06,FrenchEurope,NorthAfrica,53719.5,204310190,74473368
480,-1.16E-07,FrenchEurope,SouthernAfrica,-382.3,59016093,74473368
481,-2.79E-06,FrenchEurope,BritishIsles,-10357.8,68013843,74473368
482,-1.23E-06,FrenchEurope,Caribbean,-3009.4,41724731,74473368
483,-9.24E-06,FrenchEurope,NordicCountries,-18019.1,32140303,74473368
484,4.80E-06,FrenchEurope,ArabicWestAfrica,1427.4,3609543,74473368
485,7.56E-06,FrenchEurope,Spain,20357.1,46788630,74473368
486,4.20E-06,FrenchEurope,FrenchEurope,16851.1,74473368,74473368
487,-4.61E-07,FrenchEurope,Canada,-947.6,34168668,74473368
488,-8.42E-06,FrenchEurope,EasternEurope,-110355.3,294540681,74473368
489,-2.13E-06,FrenchEurope,AustrailiaNewZealand,-3511.4,26490126,74473368
490,3.71E-06,FrenchEurope,ItalianEurope,13604.5,66998485,74473368
491,1.79E-07,FrenchEurope,Brazil,1661.8,196796269,74473368
492,-2.20E-07,FrenchEurope,IndianSubcontinent,-12379.2,1602003617,74473368
493,4.49E-08,FrenchEurope,CentralAmerica,349.4,160556595,74473368
494,1.15E-07,FrenchEurope,ChineseAsia,5744.9,1393132348,74473368
495,5.28E-06,FrenchEurope,MiddleAfrica,29192.6,107982268,74473368
496,-1.54E-07,FrenchEurope,RussianAsia,-481.1,55514817,74473368
497,-1.52E-06,FrenchEurope,BalkanPeninsula,-2756,29503649,74473368
498,1.94E-07,FrenchEurope,Japan,1244.8,128551873,74473368
499,9.08E-07,FrenchEurope,GermanEurope,5255.4,113855625,74473368
500,3.92E-06,FrenchEurope,Madagascar,5327.7,21151640,74473368
501,4.74E-06,FrenchEurope,TurkishMiddleEast,25179.4,103089615,74473368
502,5.63E-07,FrenchEurope,Angola,835.3,23369131,74473368
503,4.60E-07,FrenchEurope,Korea,1839.5,74144454,74473368
504,5.10E-07,FrenchEurope,ArabicMiddleEast,3301.1,129648409,74473368
505,7.32E-09,FrenchWestAfrica,Angola,18.4,23369131,304171621
506,1.64E-10,FrenchWestAfrica,ItalianEurope,1.1,66998485,304171621
507,0,FrenchWestAfrica,TurkishMiddleEast,0,103089615,304171621
508,0,FrenchWestAfrica,EastAfrica,0,313782635,304171621
509,1.50E-09,FrenchWestAfrica,Brazil,23.2,196796269,304171621
510,3.72E-09,FrenchWestAfrica,NorthAfrica,59.2,204310190,304171621
511,0,FrenchWestAfrica,Japan,0,128551873,304171621
512,2.27E-09,FrenchWestAfrica,BritishIsles,14.2,68013843,304171621
513,0,FrenchWestAfrica,SoutheastAsia,0,597327771,304171621
514,0,FrenchWestAfrica,CentralAmerica,0,160556595,304171621
515,0,FrenchWestAfrica,PersianMiddleEast,0,103370678,304171621
516,4.33E-09,FrenchWestAfrica,USA,98.2,308711621,304171621
517,2.93E-09,FrenchWestAfrica,Canada,10.8,34168668,304171621
518,0,FrenchWestAfrica,Korea,0,74144454,304171621
519,-6.90E-09,FrenchWestAfrica,FrenchEurope,-46.9,74473368,304171621
520,0,FrenchWestAfrica,Madagascar,0,21151640,304171621
521,0,FrenchWestAfrica,ChineseAsia,0,1393132348,304171621
522,3.97E-10,FrenchWestAfrica,IndianSubcontinent,37.4,1602003617,304171621
523,0,FrenchWestAfrica,SouthernAfrica,0,59016093,304171621
524,-1.84E-08,FrenchWestAfrica,Portugal,-23.4,10652321,304171621
525,5.52E-09,FrenchWestAfrica,GermanEurope,53.2,113855625,304171621
526,0,FrenchWestAfrica,SpanishSouthAmerica,0,198483935,304171621
527,7.82E-10,FrenchWestAfrica,EasternEurope,17.6,294540681,304171621
528,0,FrenchWestAfrica,RussianAsia,0,55514817,304171621
529,2.24E-07,FrenchWestAfrica,MiddleAfrica,2055.4,107982268,304171621
530,0,FrenchWestAfrica,BalkanPeninsula,0,29503649,304171621
531,0,FrenchWestAfrica,Tajikistan,0,7641630,304171621
532,0,FrenchWestAfrica,Melanesia,0,8983311,304171621
533,1.88E-08,FrenchWestAfrica,ArabicMiddleEast,202.6,129648409,304171621
534,6.00E-06,FrenchWestAfrica,FrenchWestAfrica,134126.2,304171621,304171621
535,2.96E-09,FrenchWestAfrica,Caribbean,12.4,41724731,304171621
536,0,FrenchWestAfrica,NordicCountries,0.6,32140303,304171621
537,1.31E-08,FrenchWestAfrica,AustrailiaNewZealand,36.9,26490126,304171621
538,0,FrenchWestAfrica,Somalia,0,12053223,304171621
539,-4.47E-10,FrenchWestAfrica,Spain,-2.6,46788630,304171621
540,4.28E-06,FrenchWestAfrica,ArabicWestAfrica,2114,3609543,304171621
541,-4.88E-07,GermanEurope,ArabicWestAfrica,-169.8,3609543,113855625
542,2.49E-07,GermanEurope,EastAfrica,4012,313782635,113855625
543,-8.26E-06,GermanEurope,NordicCountries,-18756.5,32140303,113855625
544,-1.46E-05,GermanEurope,EasternEurope,-222319,294540681,113855625
545,9.58E-07,GermanEurope,PersianMiddleEast,5945,103370678,113855625
546,1.03E-06,GermanEurope,BritishIsles,4470.4,68013843,113855625
547,9.42E-09,GermanEurope,ArabicMiddleEast,71.9,129648409,113855625
548,2.34E-07,GermanEurope,Japan,1751,128551873,113855625
549,1.13E-05,GermanEurope,BalkanPeninsula,23911.6,29503649,113855625
550,6.72E-08,GermanEurope,Melanesia,51.5,8983311,113855625
551,3.73E-07,GermanEurope,SpanishSouthAmerica,4055.4,198483935,113855625
552,1.85E-07,GermanEurope,Tajikistan,122.2,7641630,113855625
553,7.98E-07,GermanEurope,NorthAfrica,8895.1,204310190,113855625
554,1.54E-07,GermanEurope,FrenchWestAfrica,2410,304171621,113855625
555,6.86E-07,GermanEurope,Caribbean,1951.2,41724731,113855625
556,1.92E-06,GermanEurope,RussianAsia,6984.7,55514817,113855625
557,2.93E-06,GermanEurope,FrenchEurope,13725.1,74473368,113855625
558,5.70E-07,GermanEurope,Spain,1789.5,46788630,113855625
559,1.01E-07,GermanEurope,ChineseAsia,5877.5,1393132348,113855625
560,-2.83E-07,GermanEurope,Somalia,-277.9,12053223,113855625
561,1.25E-05,GermanEurope,TurkishMiddleEast,77229,103089615,113855625
562,3.62E-07,GermanEurope,USA,5749.6,308711621,113855625
563,5.85E-07,GermanEurope,AustrailiaNewZealand,1125.9,26490126,113855625
564,-7.32E-08,GermanEurope,Madagascar,-116.4,21151640,113855625
565,4.76E-08,GermanEurope,IndianSubcontinent,3117.6,1602003617,113855625
566,2.38E-07,GermanEurope,CentralAmerica,2155.5,160556595,113855625
567,6.47E-06,GermanEurope,GermanEurope,43637.4,113855625,113855625
568,2.47E-07,GermanEurope,Brazil,2665.6,196796269,113855625
569,1.30E-06,GermanEurope,Portugal,1144.6,10652321,113855625
570,1.32E-07,GermanEurope,SoutheastAsia,3706,597327771,113855625
571,8.41E-07,GermanEurope,ItalianEurope,3593.8,66998485,113855625
572,3.14E-07,GermanEurope,Angola,542.8,23369131,113855625
573,2.83E-07,GermanEurope,SouthernAfrica,1083.6,59016093,113855625
574,3.07E-07,GermanEurope,MiddleAfrica,1980.8,107982268,113855625
575,5.64E-07,GermanEurope,Canada,1351.7,34168668,113855625
576,3.96E-07,GermanEurope,Korea,1848.4,74144454,113855625
577,-5.71E-09,IndianSubcontinent,Portugal,-13.6,10652321,1602003617
578,-2.36E-07,IndianSubcontinent,IndianSubcontinent,-40116.6,1602003617,1602003617
579,-2.48E-08,IndianSubcontinent,USA,-1022.1,308711621,1602003617
580,2.39E-08,IndianSubcontinent,AustrailiaNewZealand,119.5,26490126,1602003617
581,0,IndianSubcontinent,Caribbean,0,41724731,1602003617
582,0,IndianSubcontinent,Brazil,0,196796269,1602003617
583,-9.46E-09,IndianSubcontinent,PersianMiddleEast,-152.2,103370678,1602003617
584,0,IndianSubcontinent,Madagascar,0,21151640,1602003617
585,-5.16E-10,IndianSubcontinent,Japan,-10,128551873,1602003617
586,-3.61E-09,IndianSubcontinent,RussianAsia,-34.5,55514817,1602003617
587,0,IndianSubcontinent,MiddleAfrica,0,107982268,1602003617
588,-2.42E-08,IndianSubcontinent,BritishIsles,-271,68013843,1602003617
589,-4.27E-08,IndianSubcontinent,Melanesia,-84.7,8983311,1602003617
590,0,IndianSubcontinent,EasternEurope,0,294540681,1602003617
591,0,IndianSubcontinent,ItalianEurope,-0.4,66998485,1602003617
592,0,IndianSubcontinent,Korea,0,74144454,1602003617
593,-1.33E-08,IndianSubcontinent,FrenchWestAfrica,-542.2,304171621,1602003617
594,0,IndianSubcontinent,SpanishSouthAmerica,0,198483935,1602003617
595,-1.78E-08,IndianSubcontinent,ArabicMiddleEast,-348.5,129648409,1602003617
596,0,IndianSubcontinent,Somalia,0,12053223,1602003617
597,-1.25E-08,IndianSubcontinent,FrenchEurope,-152.1,74473368,1602003617
598,-5.61E-10,IndianSubcontinent,TurkishMiddleEast,-9.5,103089615,1602003617
599,0,IndianSubcontinent,ArabicWestAfrica,0,3609543,1602003617
600,0,IndianSubcontinent,Angola,0,23369131,1602003617
601,-7.17E-08,IndianSubcontinent,Canada,-445,34168668,1602003617
602,0,IndianSubcontinent,CentralAmerica,0,160556595,1602003617
603,-4.89E-08,IndianSubcontinent,EastAfrica,-2042.5,313782635,1602003617
604,-1.50E-08,IndianSubcontinent,SoutheastAsia,-1089.5,597327771,1602003617
605,0,IndianSubcontinent,NorthAfrica,0,204310190,1602003617
606,0,IndianSubcontinent,Tajikistan,0.1,7641630,1602003617
607,0,IndianSubcontinent,SouthernAfrica,0,59016093,1602003617
608,0,IndianSubcontinent,BalkanPeninsula,0,29503649,1602003617
609,2.35E-08,IndianSubcontinent,ChineseAsia,3533.5,1393132348,1602003617
610,-9.73E-09,IndianSubcontinent,GermanEurope,-170.1,113855625,1602003617
611,0,IndianSubcontinent,Spain,0,46788630,1602003617
612,-5.10E-10,IndianSubcontinent,NordicCountries,-3.9,32140303,1602003617
613,2.59E-08,ItalianEurope,Angola,37.1,23369131,66998485
614,6.28E-07,ItalianEurope,NordicCountries,1179,32140303,66998485
615,2.69E-07,ItalianEurope,ChineseAsia,12896.3,1393132348,66998485
616,2.27E-07,ItalianEurope,Brazil,2025.2,196796269,66998485
617,3.35E-08,ItalianEurope,Korea,129.7,74144454,66998485
618,7.82E-07,ItalianEurope,FrenchWestAfrica,10136.1,304171621,66998485
619,3.73E-08,ItalianEurope,RussianAsia,112.2,55514817,66998485
620,-3.77E-07,ItalianEurope,GermanEurope,-2100.4,113855625,66998485
621,1.98E-07,ItalianEurope,TurkishMiddleEast,1015.6,103089615,66998485
622,4.80E-08,ItalianEurope,CentralAmerica,359.4,160556595,66998485
623,-1.52E-07,ItalianEurope,AustrailiaNewZealand,-241.8,26490126,66998485
624,2.28E-07,ItalianEurope,SoutheastAsia,5290.6,597327771,66998485
625,1.08E-07,ItalianEurope,BritishIsles,388.5,68013843,66998485
626,2.26E-08,ItalianEurope,PersianMiddleEast,116.9,103370678,66998485
627,3.27E-08,ItalianEurope,Japan,202.6,128551873,66998485
628,1.42E-07,ItalianEurope,Portugal,103.4,10652321,66998485
629,-1.57E-07,ItalianEurope,Canada,-310.8,34168668,66998485
630,1.64E-07,ItalianEurope,ArabicMiddleEast,1019.1,129648409,66998485
631,8.90E-06,ItalianEurope,BalkanPeninsula,15524.9,29503649,66998485
632,1.14E-07,ItalianEurope,Spain,295.6,46788630,66998485
633,1.22E-07,ItalianEurope,ArabicWestAfrica,35,3609543,66998485
634,2.69E-08,ItalianEurope,SouthernAfrica,85.9,59016093,66998485
635,1.03E-07,ItalianEurope,MiddleAfrica,548.6,107982268,66998485
636,1.54E-07,ItalianEurope,Somalia,124.6,12053223,66998485
637,8.49E-06,ItalianEurope,EasternEurope,107033.2,294540681,66998485
638,1.30E-08,ItalianEurope,Madagascar,17.8,21151640,66998485
639,6.97E-06,ItalianEurope,ItalianEurope,24606.7,66998485,66998485
640,3.38E-07,ItalianEurope,IndianSubcontinent,18291.6,1602003617,66998485
641,1.41E-06,ItalianEurope,SpanishSouthAmerica,12627.4,198483935,66998485
642,3.22E-06,ItalianEurope,NorthAfrica,29630.3,204310190,66998485
643,1.44E-08,ItalianEurope,Melanesia,9.3,8983311,66998485
644,1.74E-07,ItalianEurope,EastAfrica,2320.4,313782635,66998485
645,-5.47E-08,ItalianEurope,USA,-719.8,308711621,66998485
646,-2.21E-07,ItalianEurope,FrenchEurope,-853.3,74473368,66998485
647,6.19E-07,ItalianEurope,Caribbean,1454.7,41724731,66998485
648,0,ItalianEurope,Tajikistan,-0.7,7641630,66998485
649,9.45E-08,Japan,FrenchEurope,462.4,74473368,128551873
650,6.75E-09,Japan,SouthernAfrica,27.7,59016093,128551873
651,-1.66E-09,Japan,Angola,-3.8,23369131,128551873
652,4.31E-07,Japan,SoutheastAsia,12637.1,597327771,128551873
653,9.02E-09,Japan,NorthAfrica,105.4,204310190,128551873
654,4.60E-08,Japan,IndianSubcontinent,3149.4,1602003617,128551873
655,4.65E-09,Japan,CentralAmerica,44.5,160556595,128551873
656,1.77E-08,Japan,BalkanPeninsula,39.7,29503649,128551873
657,0,Japan,Japan,0,128551873,128551873
658,6.03E-08,Japan,EasternEurope,961.9,294540681,128551873
659,9.67E-08,Japan,Canada,242.4,34168668,128551873
660,4.66E-07,Japan,ChineseAsia,28273,1393132348,128551873
661,1.35E-08,Japan,USA,224.7,308711621,128551873
662,5.05E-09,Japan,EastAfrica,85.2,313782635,128551873
663,0,Japan,Somalia,-0.4,12053223,128551873
664,2.17E-07,Japan,SpanishSouthAmerica,2463.3,198483935,128551873
665,-1.34E-08,Japan,RussianAsia,-51.3,55514817,128551873
666,-1.76E-06,Japan,Korea,-8560.7,74144454,128551873
667,2.44E-08,Japan,ItalianEurope,109.4,66998485,128551873
668,1.18E-07,Japan,NordicCountries,279.8,32140303,128551873
669,1.89E-07,Japan,AustrailiaNewZealand,379.8,26490126,128551873
670,3.86E-09,Japan,MiddleAfrica,26.5,107982268,128551873
671,2.76E-09,Japan,ArabicWestAfrica,1.4,3609543,128551873
672,5.40E-08,Japan,GermanEurope,380.2,113855625,128551873
673,2.39E-08,Japan,Caribbean,71.4,41724731,128551873
674,0,Japan,Tajikistan,-0.9,7641630,128551873
675,2.01E-09,Japan,PersianMiddleEast,13.8,103370678,128551873
676,1.05E-07,Japan,BritishIsles,474.9,68013843,128551873
677,-7.30E-07,Japan,Portugal,-670.1,10652321,128551873
678,6.95E-07,Japan,Brazil,7837.8,196796269,128551873
679,7.63E-09,Japan,Spain,25.2,46788630,128551873
680,6.77E-09,Japan,FrenchWestAfrica,111.2,304171621,128551873
681,9.52E-09,Japan,ArabicMiddleEast,75,129648409,128551873
682,1.01E-08,Japan,Melanesia,8.4,8983311,128551873
683,-4.23E-09,Japan,Madagascar,-7.3,21151640,128551873
684,2.52E-08,Japan,TurkishMiddleEast,163.5,103089615,128551873
685,1.81E-07,Korea,AustrailiaNewZealand,299.6,26490126,74144454
686,0,Korea,TurkishMiddleEast,0,103089615,74144454
687,0,Korea,Brazil,0,196796269,74144454
688,0,Korea,PersianMiddleEast,0,103370678,74144454
689,0,Korea,MiddleAfrica,0,107982268,74144454
690,0,Korea,Spain,0,46788630,74144454
691,2.99E-09,Korea,FrenchEurope,12.4,74473368,74144454
692,0,Korea,NordicCountries,0,32140303,74144454
693,0,Korea,FrenchWestAfrica,0,304171621,74144454
694,0,Korea,Angola,0,23369131,74144454
695,0,Korea,EastAfrica,0,313782635,74144454
696,2.68E-07,Korea,RussianAsia,836,55514817,74144454
697,0,Korea,Korea,0,74144454,74144454
698,3.38E-07,Korea,SoutheastAsia,8127.2,597327771,74144454
699,-1.86E-08,Korea,Japan,-119.7,128551873,74144454
700,4.97E-07,Korea,ChineseAsia,24720.2,1393132348,74144454
701,0,Korea,Melanesia,0,8983311,74144454
702,0,Korea,SouthernAfrica,0,59016093,74144454
703,0,Korea,Portugal,0,10652321,74144454
704,0,Korea,CentralAmerica,0,160556595,74144454
705,0,Korea,Madagascar,0,21151640,74144454
706,0,Korea,ItalianEurope,0,66998485,74144454
707,0,Korea,Caribbean,0,41724731,74144454
708,0,Korea,SpanishSouthAmerica,0,198483935,74144454
709,0,Korea,Tajikistan,0,7641630,74144454
710,1.80E-08,Korea,EasternEurope,236.5,294540681,74144454
711,2.72E-08,Korea,BritishIsles,101.1,68013843,74144454
712,0,Korea,ArabicMiddleEast,0,129648409,74144454
713,3.02E-07,Korea,Canada,619.7,34168668,74144454
714,0,Korea,BalkanPeninsula,0,29503649,74144454
715,1.62E-07,Korea,USA,2200.5,308711621,74144454
716,5.54E-09,Korea,GermanEurope,32.8,113855625,74144454
717,0,Korea,ArabicWestAfrica,0,3609543,74144454
718,0,Korea,Somalia,0,12053223,74144454
719,2.37E-08,Korea,IndianSubcontinent,1331.9,1602003617,74144454
720,0,Korea,NorthAfrica,0,204310190,74144454
721,-8.19E-09,Madagascar,EastAfrica,-72.6,313782635,21151640
722,-2.29E-09,Madagascar,IndianSubcontinent,-82.9,1602003617,21151640
723,-1.10E-09,Madagascar,ChineseAsia,-35,1393132348,21151640
724,0,Madagascar,EasternEurope,-0.8,294540681,21151640
725,0,Madagascar,Brazil,0,196796269,21151640
726,0,Madagascar,RussianAsia,0.1,55514817,21151640
727,0,Madagascar,Madagascar,0,21151640,21151640
728,0,Madagascar,CentralAmerica,0,160556595,21151640
729,0,Madagascar,Angola,0,23369131,21151640
730,0,Madagascar,NordicCountries,0,32140303,21151640
731,0,Madagascar,Japan,-0.7,128551873,21151640
732,0,Madagascar,Melanesia,0,8983311,21151640
733,-7.66E-10,Madagascar,Canada,-1.6,34168668,21151640
734,0,Madagascar,SouthernAfrica,0,59016093,21151640
735,0,Madagascar,MiddleAfrica,0,107982268,21151640
736,-8.06E-09,Madagascar,NorthAfrica,-49.7,204310190,21151640
737,0,Madagascar,Spain,0,46788630,21151640
738,-4.23E-10,Madagascar,BritishIsles,-1.7,68013843,21151640
739,-2.31E-10,Madagascar,USA,-2.4,308711621,21151640
740,0,Madagascar,BalkanPeninsula,0,29503649,21151640
741,0,Madagascar,SpanishSouthAmerica,0,198483935,21151640
742,-4.97E-08,Madagascar,FrenchEurope,-127.7,74473368,21151640
743,0,Madagascar,AustrailiaNewZealand,0,26490126,21151640
744,0,Madagascar,FrenchWestAfrica,0,304171621,21151640
745,-1.36E-09,Madagascar,GermanEurope,-5.7,113855625,21151640
746,0,Madagascar,Caribbean,-0.1,41724731,21151640
747,0,Madagascar,Somalia,0,12053223,21151640
748,0,Madagascar,ArabicMiddleEast,0,129648409,21151640
749,0,Madagascar,Korea,-0.6,74144454,21151640
750,0,Madagascar,Portugal,0,10652321,21151640
751,-8.58E-10,Madagascar,ItalianEurope,-2.7,66998485,21151640
752,0,Madagascar,PersianMiddleEast,0,103370678,21151640
753,0,Madagascar,SoutheastAsia,-0.5,597327771,21151640
754,0,Madagascar,TurkishMiddleEast,0,103089615,21151640
755,0,Madagascar,ArabicWestAfrica,0,3609543,21151640
756,0,Madagascar,Tajikistan,0,7641630,21151640
757,0,Melanesia,SpanishSouthAmerica,0,198483935,8983311
758,-6.67E-10,Melanesia,Japan,-2.7,128551873,8983311
759,1.75E-09,Melanesia,IndianSubcontinent,46.1,1602003617,8983311
760,8.77E-07,Melanesia,AustrailiaNewZealand,676.2,26490126,8983311
761,0,Melanesia,EastAfrica,0,313782635,8983311
762,0,Melanesia,PersianMiddleEast,0,103370678,8983311
763,0,Melanesia,Madagascar,0,21151640,8983311
764,0,Melanesia,NordicCountries,0,32140303,8983311
765,0,Melanesia,SouthernAfrica,0,59016093,8983311
766,0,Melanesia,Korea,0.9,74144454,8983311
767,0,Melanesia,ArabicMiddleEast,0,129648409,8983311
768,0,Melanesia,BalkanPeninsula,0,29503649,8983311
769,0,Melanesia,CentralAmerica,0,160556595,8983311
770,0,Melanesia,Tajikistan,0,7641630,8983311
771,0,Melanesia,NorthAfrica,0,204310190,8983311
772,0,Melanesia,EasternEurope,0,294540681,8983311
773,0,Melanesia,TurkishMiddleEast,0,103089615,8983311
774,0,Melanesia,Portugal,0,10652321,8983311
775,0,Melanesia,Brazil,0,196796269,8983311
776,0,Melanesia,Somalia,0,12053223,8983311
777,0,Melanesia,Canada,0,34168668,8983311
778,0,Melanesia,Caribbean,0,41724731,8983311
779,5.76E-10,Melanesia,BritishIsles,1.9,68013843,8983311
780,2.67E-09,Melanesia,FrenchEurope,5.4,74473368,8983311
781,0,Melanesia,RussianAsia,0,55514817,8983311
782,0,Melanesia,Spain,0,46788630,8983311
783,1.20E-09,Melanesia,ChineseAsia,28,1393132348,8983311
784,1.60E-09,Melanesia,SoutheastAsia,18.5,597327771,8983311
785,7.74E-06,Melanesia,Melanesia,2354.5,8983311,8983311
786,0,Melanesia,FrenchWestAfrica,0,304171621,8983311
787,-7.85E-10,Melanesia,USA,-5.1,308711621,8983311
788,7.03E-09,Melanesia,GermanEurope,19.6,113855625,8983311
789,0,Melanesia,Angola,0,23369131,8983311
790,0,Melanesia,ItalianEurope,0,66998485,8983311
791,0,Melanesia,ArabicWestAfrica,0,3609543,8983311
792,0,Melanesia,MiddleAfrica,0,107982268,8983311
793,3.08E-09,MiddleAfrica,RussianAsia,11.2,55514817,107982268
794,0,MiddleAfrica,TurkishMiddleEast,0,103089615,107982268
795,2.12E-09,MiddleAfrica,GermanEurope,14.5,113855625,107982268
796,0,MiddleAfrica,Japan,0,128551873,107982268
797,3.12E-09,MiddleAfrica,ChineseAsia,178.3,1393132348,107982268
798,1.28E-08,MiddleAfrica,Canada,30,34168668,107982268
799,1.29E-09,MiddleAfrica,Madagascar,2.2,21151640,107982268
800,3.58E-07,MiddleAfrica,NorthAfrica,3918.9,204310190,107982268
801,8.97E-10,MiddleAfrica,NordicCountries,2.7,32140303,107982268
802,0,MiddleAfrica,SoutheastAsia,0,597327771,107982268
803,1.20E-06,MiddleAfrica,FrenchWestAfrica,18542.4,304171621,107982268
804,0,MiddleAfrica,BalkanPeninsula,0,29503649,107982268
805,0,MiddleAfrica,Korea,0,74144454,107982268
806,0,MiddleAfrica,PersianMiddleEast,0,103370678,107982268
807,3.21E-07,MiddleAfrica,ArabicWestAfrica,109.5,3609543,107982268
808,4.33E-09,MiddleAfrica,ArabicMiddleEast,32.6,129648409,107982268
809,0,MiddleAfrica,AustrailiaNewZealand,0,26490126,107982268
810,0,MiddleAfrica,CentralAmerica,0,160556595,107982268
811,0,MiddleAfrica,SpanishSouthAmerica,0,198483935,107982268
812,3.57E-09,MiddleAfrica,Spain,11.4,46788630,107982268
813,1.80E-09,MiddleAfrica,USA,28.2,308711621,107982268
814,4.40E-07,MiddleAfrica,FrenchEurope,2021.3,74473368,107982268
815,3.79E-10,MiddleAfrica,EastAfrica,6.2,313782635,107982268
816,5.80E-07,MiddleAfrica,Angola,983.1,23369131,107982268
817,0,MiddleAfrica,ItalianEurope,0,66998485,107982268
818,4.41E-09,MiddleAfrica,EasternEurope,66.6,294540681,107982268
819,0,MiddleAfrica,Somalia,0.9,12053223,107982268
820,9.39E-08,MiddleAfrica,Portugal,81.7,10652321,107982268
821,0,MiddleAfrica,Brazil,0,196796269,107982268
822,2.15E-09,MiddleAfrica,Caribbean,6.3,41724731,107982268
823,4.38E-06,MiddleAfrica,MiddleAfrica,27690.4,107982268,107982268
824,0,MiddleAfrica,IndianSubcontinent,0,1602003617,107982268
825,0,MiddleAfrica,Melanesia,0,8983311,107982268
826,0,MiddleAfrica,SouthernAfrica,0.1,59016093,107982268
827,4.71E-10,MiddleAfrica,BritishIsles,2.8,68013843,107982268
828,1.54E-09,MiddleAfrica,Tajikistan,1,7641630,107982268
829,1.66E-08,NordicCountries,Melanesia,8.5,8983311,32140303
830,9.10E-09,NordicCountries,ArabicWestAfrica,2.1,3609543,32140303
831,4.91E-08,NordicCountries,Brazil,336.7,196796269,32140303
832,6.17E-08,NordicCountries,ChineseAsia,2272.4,1393132348,32140303
833,9.81E-07,NordicCountries,PersianMiddleEast,3861.9,103370678,32140303
834,2.82E-06,NordicCountries,TurkishMiddleEast,11075.8,103089615,32140303
835,2.33E-07,NordicCountries,FrenchEurope,692.6,74473368,32140303
836,1.35E-07,NordicCountries,EastAfrica,1381.9,313782635,32140303
837,6.30E-07,NordicCountries,Tajikistan,264.9,7641630,32140303
838,4.87E-08,NordicCountries,Japan,231.6,128551873,32140303
839,1.08E-06,NordicCountries,BalkanPeninsula,1449.1,29503649,32140303
840,1.86E-07,NordicCountries,NorthAfrica,1315.2,204310190,32140303
841,3.43E-07,NordicCountries,ItalianEurope,930.3,66998485,32140303
842,3.62E-08,NordicCountries,MiddleAfrica,148.8,107982268,32140303
843,2.85E-07,NordicCountries,Portugal,159.4,10652321,32140303
844,8.41E-07,NordicCountries,GermanEurope,3597.7,113855625,32140303
845,2.64E-07,NordicCountries,Korea,781.4,74144454,32140303
846,1.23E-07,NordicCountries,Caribbean,222.4,41724731,32140303
847,2.99E-07,NordicCountries,SpanishSouthAmerica,2061,198483935,32140303
848,-1.68E-06,NordicCountries,EasternEurope,-16219.1,294540681,32140303
849,2.92E-06,NordicCountries,Somalia,1809.1,12053223,32140303
850,2.31E-07,NordicCountries,AustrailiaNewZealand,282.1,26490126,32140303
851,6.23E-07,NordicCountries,BritishIsles,1709.1,68013843,32140303
852,7.86E-08,NordicCountries,SouthernAfrica,191.6,59016093,32140303
853,3.18E-07,NordicCountries,SoutheastAsia,5660.4,597327771,32140303
854,2.13E-07,NordicCountries,Canada,324.9,34168668,32140303
855,7.13E-08,NordicCountries,FrenchWestAfrica,710.4,304171621,32140303
856,2.30E-06,NordicCountries,NordicCountries,3321.3,32140303,32140303
857,6.54E-07,NordicCountries,ArabicMiddleEast,3125.3,129648409,32140303
858,5.52E-08,NordicCountries,CentralAmerica,317.5,160556595,32140303
859,1.45E-07,NordicCountries,USA,1461.6,308711621,32140303
860,3.56E-08,NordicCountries,Angola,39,23369131,32140303
861,1.03E-06,NordicCountries,RussianAsia,2376,55514817,32140303
862,8.31E-08,NordicCountries,IndianSubcontinent,3452.9,1602003617,32140303
863,2.40E-07,NordicCountries,Spain,477.6,46788630,32140303
864,1.99E-08,NordicCountries,Madagascar,20.2,21151640,32140303
865,-6.95E-10,NorthAfrica,Korea,-4.2,74144454,204310190
866,1.16E-09,NorthAfrica,ChineseAsia,83.3,1393132348,204310190
867,-1.20E-07,NorthAfrica,GermanEurope,-1000.3,113855625,204310190
868,1.22E-08,NorthAfrica,SoutheastAsia,424.4,597327771,204310190
869,-3.84E-08,NorthAfrica,EasternEurope,-724.6,294540681,204310190
870,0,NorthAfrica,Caribbean,0,41724731,204310190
871,4.93E-07,NorthAfrica,NorthAfrica,6786.2,204310190,204310190
872,0,NorthAfrica,Brazil,0,196796269,204310190
873,-5.45E-09,NorthAfrica,USA,-107,308711621,204310190
874,-1.83E-08,NorthAfrica,Spain,-71.7,46788630,204310190
875,2.61E-06,NorthAfrica,EastAfrica,51926.2,313782635,204310190
876,-6.10E-08,NorthAfrica,BritishIsles,-326.6,68013843,204310190
877,-1.21E-07,NorthAfrica,MiddleAfrica,-962.9,107982268,204310190
878,0,NorthAfrica,Tajikistan,0,7641630,204310190
879,-1.23E-08,NorthAfrica,Japan,-114.9,128551873,204310190
880,-1.03E-09,NorthAfrica,IndianSubcontinent,-83.3,1602003617,204310190
881,2.90E-09,NorthAfrica,RussianAsia,13.3,55514817,204310190
882,0,NorthAfrica,PersianMiddleEast,0,103370678,204310190
883,-6.11E-08,NorthAfrica,ItalianEurope,-322.1,66998485,204310190
884,1.17E-08,NorthAfrica,ArabicWestAfrica,5.6,3609543,204310190
885,-2.92E-08,NorthAfrica,BalkanPeninsula,-76.6,29503649,204310190
886,4.23E-10,NorthAfrica,SouthernAfrica,2.9,59016093,204310190
887,5.12E-08,NorthAfrica,FrenchWestAfrica,992.5,304171621,204310190
888,2.17E-08,NorthAfrica,Canada,64.4,34168668,204310190
889,-1.18E-08,NorthAfrica,AustrailiaNewZealand,-28,26490126,204310190
890,0,NorthAfrica,Angola,0,23369131,204310190
891,6.61E-07,NorthAfrica,ArabicMiddleEast,6149.7,129648409,204310190
892,0,NorthAfrica,Melanesia,0,8983311,204310190
893,0,NorthAfrica,Madagascar,0,21151640,204310190
894,0,NorthAfrica,Portugal,0,10652321,204310190
895,0,NorthAfrica,SpanishSouthAmerica,0,198483935,204310190
896,-4.28E-09,NorthAfrica,NordicCountries,-12.7,32140303,204310190
897,0,NorthAfrica,CentralAmerica,0,160556595,204310190
898,2.94E-07,NorthAfrica,TurkishMiddleEast,2245.4,103089615,204310190
899,-1.58E-07,NorthAfrica,FrenchEurope,-915.4,74473368,204310190
900,2.65E-06,NorthAfrica,Somalia,3191.1,12053223,204310190
901,0,PersianMiddleEast,NorthAfrica,0,204310190,103370678
902,0,PersianMiddleEast,Angola,0,23369131,103370678
903,0,PersianMiddleEast,Portugal,0,10652321,103370678
904,0,PersianMiddleEast,Japan,0,128551873,103370678
905,0,PersianMiddleEast,EastAfrica,0,313782635,103370678
906,2.68E-08,PersianMiddleEast,ArabicMiddleEast,195.1,129648409,103370678
907,0,PersianMiddleEast,Spain,0,46788630,103370678
908,0,PersianMiddleEast,ItalianEurope,0,66998485,103370678
909,0,PersianMiddleEast,Brazil,0,196796269,103370678
910,0,PersianMiddleEast,Melanesia,0,8983311,103370678
911,0,PersianMiddleEast,Canada,0,34168668,103370678
912,0,PersianMiddleEast,GermanEurope,0,113855625,103370678
913,0,PersianMiddleEast,ChineseAsia,0,1393132348,103370678
914,0,PersianMiddleEast,SoutheastAsia,0,597327771,103370678
915,0,PersianMiddleEast,SpanishSouthAmerica,0,198483935,103370678
916,0,PersianMiddleEast,Caribbean,0,41724731,103370678
917,1.63E-08,PersianMiddleEast,IndianSubcontinent,1034.8,1602003617,103370678
918,0,PersianMiddleEast,Korea,0,74144454,103370678
919,0,PersianMiddleEast,BalkanPeninsula,0,29503649,103370678
920,0,PersianMiddleEast,Somalia,0,12053223,103370678
921,0,PersianMiddleEast,Madagascar,0,21151640,103370678
922,0,PersianMiddleEast,AustrailiaNewZealand,0,26490126,103370678
923,3.52E-06,PersianMiddleEast,TurkishMiddleEast,21057.4,103089615,103370678
924,8.83E-09,PersianMiddleEast,RussianAsia,31.5,55514817,103370678
925,0,PersianMiddleEast,CentralAmerica,0,160556595,103370678
926,0,PersianMiddleEast,Tajikistan,0,7641630,103370678
927,1.57E-05,PersianMiddleEast,PersianMiddleEast,94207,103370678,103370678
928,0,PersianMiddleEast,BritishIsles,0,68013843,103370678
929,0,PersianMiddleEast,FrenchEurope,0,74473368,103370678
930,0,PersianMiddleEast,EasternEurope,0,294540681,103370678
931,0,PersianMiddleEast,FrenchWestAfrica,0,304171621,103370678
932,0,PersianMiddleEast,ArabicWestAfrica,0,3609543,103370678
933,0,PersianMiddleEast,NordicCountries,0,32140303,103370678
934,0,PersianMiddleEast,SouthernAfrica,0,59016093,103370678
935,0,PersianMiddleEast,MiddleAfrica,0,107982268,103370678
936,0,PersianMiddleEast,USA,0,308711621,103370678
937,2.21E-07,Portugal,Canada,226.3,34168668,10652321
938,1.96E-08,Portugal,ArabicMiddleEast,63.8,129648409,10652321
939,5.39E-07,Portugal,GermanEurope,1549.3,113855625,10652321
940,5.23E-07,Portugal,Spain,699.6,46788630,10652321
941,3.44E-07,Portugal,SouthernAfrica,561.3,59016093,10652321
942,4.45E-08,Portugal,BalkanPeninsula,40.4,29503649,10652321
943,1.06E-05,Portugal,Angola,7807.2,23369131,10652321
944,3.94E-07,Portugal,EastAfrica,2705.4,313782635,10652321
945,1.22E-08,Portugal,Japan,39.5,128551873,10652321
946,0,Portugal,Somalia,0.8,12053223,10652321
947,0,Portugal,Portugal,0,10652321,10652321
948,1.37E-08,Portugal,IndianSubcontinent,383.1,1602003617,10652321
949,7.13E-08,Portugal,NordicCountries,69.1,32140303,10652321
950,7.75E-09,Portugal,RussianAsia,12.4,55514817,10652321
951,1.58E-08,Portugal,CentralAmerica,61.7,160556595,10652321
952,9.69E-09,Portugal,ChineseAsia,240.6,1393132348,10652321
953,5.77E-08,Portugal,USA,391.9,308711621,10652321
954,2.14E-06,Portugal,FrenchEurope,4270.5,74473368,10652321
955,9.64E-08,Portugal,AustrailiaNewZealand,79.2,26490126,10652321
956,9.46E-09,Portugal,PersianMiddleEast,25.8,103370678,10652321
957,2.50E-07,Portugal,SpanishSouthAmerica,1157.5,198483935,10652321
958,4.62E-07,Portugal,FrenchWestAfrica,3090,304171621,10652321
959,4.74E-07,Portugal,Brazil,2182.9,196796269,10652321
960,2.26E-07,Portugal,BritishIsles,416.7,68013843,10652321
961,5.82E-08,Portugal,ItalianEurope,106.5,66998485,10652321
962,5.54E-09,Portugal,Korea,11.2,74144454,10652321
963,7.40E-09,Portugal,Madagascar,5.1,21151640,10652321
964,2.82E-08,Portugal,NorthAfrica,134.4,204310190,10652321
965,0,Portugal,Tajikistan,0.1,7641630,10652321
966,0,Portugal,Melanesia,0.4,8983311,10652321
967,1.62E-07,Portugal,EasternEurope,1051.7,294540681,10652321
968,1.20E-08,Portugal,SoutheastAsia,144,597327771,10652321
969,1.82E-08,Portugal,Caribbean,22.1,41724731,10652321
970,8.34E-09,Portugal,TurkishMiddleEast,22.7,103089615,10652321
971,2.71E-08,Portugal,ArabicWestAfrica,4.4,3609543,10652321
972,2.72E-07,Portugal,MiddleAfrica,746,107982268,10652321
973,0,RussianAsia,Brazil,0,196796269,55514817
974,8.39E-07,RussianAsia,RussianAsia,2354.2,55514817,55514817
975,0,RussianAsia,USA,0,308711621,55514817
976,-5.01E-07,RussianAsia,ArabicMiddleEast,-2917.4,129648409,55514817
977,-3.67E-06,RussianAsia,EasternEurope,-43281.3,294540681,55514817
978,3.88E-09,RussianAsia,ChineseAsia,174,1393132348,55514817
979,0,RussianAsia,Spain,0,46788630,55514817
980,0,RussianAsia,MiddleAfrica,0,107982268,55514817
981,8.65E-07,RussianAsia,TurkishMiddleEast,4133.7,103089615,55514817
982,0,RussianAsia,CentralAmerica,0,160556595,55514817
983,3.01E-08,RussianAsia,PersianMiddleEast,144.2,103370678,55514817
984,0,RussianAsia,FrenchWestAfrica,0,304171621,55514817
985,0,RussianAsia,Korea,0,74144454,55514817
986,0,RussianAsia,Somalia,0,12053223,55514817
987,0,RussianAsia,NorthAfrica,0,204310190,55514817
988,3.87E-07,RussianAsia,BalkanPeninsula,631.3,29503649,55514817
989,2.54E-05,RussianAsia,Tajikistan,12944.9,7641630,55514817
990,-4.96E-07,RussianAsia,NordicCountries,-870.7,32140303,55514817
991,0,RussianAsia,SouthernAfrica,0,59016093,55514817
992,0,RussianAsia,Canada,0,34168668,55514817
993,0,RussianAsia,ArabicWestAfrica,0,3609543,55514817
994,0,RussianAsia,IndianSubcontinent,0,1602003617,55514817
995,0,RussianAsia,Portugal,0,10652321,55514817
996,0,RussianAsia,Madagascar,0,21151640,55514817
997,0,RussianAsia,Angola,0,23369131,55514817
998,0,RussianAsia,Melanesia,0,8983311,55514817
999,0,RussianAsia,EastAfrica,0,313782635,55514817
1000,0,RussianAsia,SoutheastAsia,0,597327771,55514817
1001,0,RussianAsia,FrenchEurope,0,74473368,55514817
1002,0,RussianAsia,BritishIsles,0,68013843,55514817
1003,3.42E-06,RussianAsia,GermanEurope,17817.2,113855625,55514817
1004,0,RussianAsia,Japan,0,128551873,55514817
1005,0,RussianAsia,SpanishSouthAmerica,0,198483935,55514817
1006,0,RussianAsia,AustrailiaNewZealand,0,26490126,55514817
1007,0,RussianAsia,ItalianEurope,0,66998485,55514817
1008,0,RussianAsia,Caribbean,0,41724731,55514817
1009,0,Somalia,Japan,0,128551873,12053223
1010,0,Somalia,SouthernAfrica,0,59016093,12053223
1011,0,Somalia,Somalia,0,12053223,12053223
1012,0,Somalia,Canada,0,34168668,12053223
1013,0,Somalia,Tajikistan,0,7641630,12053223
1014,0,Somalia,EasternEurope,0,294540681,12053223
1015,0,Somalia,Madagascar,0,21151640,12053223
1016,0,Somalia,Spain,0,46788630,12053223
1017,0,Somalia,Korea,0,74144454,12053223
1018,0,Somalia,Brazil,0,196796269,12053223
1019,0,Somalia,NordicCountries,0,32140303,12053223
1020,0,Somalia,BritishIsles,0,68013843,12053223
1021,0,Somalia,PersianMiddleEast,0,103370678,12053223
1022,0,Somalia,Melanesia,0,8983311,12053223
1023,0,Somalia,Angola,0,23369131,12053223
1024,0,Somalia,MiddleAfrica,0,107982268,12053223
1025,0,Somalia,BalkanPeninsula,0,29503649,12053223
1026,0,Somalia,USA,0,308711621,12053223
1027,0,Somalia,FrenchEurope,0,74473368,12053223
1028,0,Somalia,ItalianEurope,0,66998485,12053223
1029,0,Somalia,SpanishSouthAmerica,0,198483935,12053223
1030,0,Somalia,EastAfrica,0,313782635,12053223
1031,0,Somalia,GermanEurope,0,113855625,12053223
1032,0,Somalia,IndianSubcontinent,0,1602003617,12053223
1033,0,Somalia,FrenchWestAfrica,0,304171621,12053223
1034,0,Somalia,Portugal,0,10652321,12053223
1035,0,Somalia,SoutheastAsia,0,597327771,12053223
1036,0,Somalia,CentralAmerica,0,160556595,12053223
1037,0,Somalia,NorthAfrica,0,204310190,12053223
1038,0,Somalia,RussianAsia,0,55514817,12053223
1039,0,Somalia,ArabicMiddleEast,0,129648409,12053223
1040,0,Somalia,TurkishMiddleEast,0,103089615,12053223
1041,0,Somalia,AustrailiaNewZealand,0,26490126,12053223
1042,0,Somalia,ChineseAsia,0,1393132348,12053223
1043,0,Somalia,Caribbean,0,41724731,12053223
1044,0,Somalia,ArabicWestAfrica,0,3609543,12053223
1045,3.81E-08,SoutheastAsia,Caribbean,197.3,41724731,597327771
1046,5.26E-10,SoutheastAsia,FrenchWestAfrica,15.4,304171621,597327771
1047,2.53E-07,SoutheastAsia,AustrailiaNewZealand,884.9,26490126,597327771
1048,4.32E-08,SoutheastAsia,GermanEurope,529.3,113855625,597327771
1049,6.54E-08,SoutheastAsia,NordicCountries,270.1,32140303,597327771
1050,0,SoutheastAsia,Somalia,0,12053223,597327771
1051,6.08E-10,SoutheastAsia,CentralAmerica,10.2,160556595,597327771
1052,1.55E-09,SoutheastAsia,EasternEurope,43.7,294540681,597327771
1053,1.31E-07,SoutheastAsia,Japan,1777.1,128551873,597327771
1054,0,SoutheastAsia,MiddleAfrica,0,107982268,597327771
1055,1.00E-08,SoutheastAsia,Portugal,16.7,10652321,597327771
1056,4.17E-09,SoutheastAsia,PersianMiddleEast,47.5,103370678,597327771
1057,1.61E-07,SoutheastAsia,IndianSubcontinent,19101.3,1602003617,597327771
1058,-7.41E-10,SoutheastAsia,NorthAfrica,-15.2,204310190,597327771
1059,1.86E-08,SoutheastAsia,ArabicMiddleEast,254.7,129648409,597327771
1060,0,SoutheastAsia,Madagascar,0,21151640,597327771
1061,2.51E-07,SoutheastAsia,ChineseAsia,26459.9,1393132348,597327771
1062,5.97E-09,SoutheastAsia,Brazil,117.8,196796269,597327771
1063,0,SoutheastAsia,Tajikistan,0.2,7641630,597327771
1064,6.08E-08,SoutheastAsia,USA,1755.7,308711621,597327771
1065,3.27E-08,SoutheastAsia,Canada,142.1,34168668,597327771
1066,2.73E-10,SoutheastAsia,EastAfrica,8.4,313782635,597327771
1067,2.62E-06,SoutheastAsia,SoutheastAsia,133424.9,597327771,597327771
1068,0,SoutheastAsia,TurkishMiddleEast,0.5,103089615,597327771
1069,1.51E-10,SoutheastAsia,RussianAsia,1.1,55514817,597327771
1070,2.17E-07,SoutheastAsia,BritishIsles,1704.5,68013843,597327771
1071,1.57E-09,SoutheastAsia,BalkanPeninsula,6.5,29503649,597327771
1072,-1.05E-09,SoutheastAsia,Spain,-6.9,46788630,597327771
1073,1.90E-08,SoutheastAsia,Korea,161,74144454,597327771
1074,8.71E-09,SoutheastAsia,Melanesia,12,8983311,597327771
1075,2.68E-09,SoutheastAsia,SpanishSouthAmerica,53.4,198483935,597327771
1076,1.42E-08,SoutheastAsia,ItalianEurope,110.6,66998485,597327771
1077,2.20E-08,SoutheastAsia,Angola,69.1,23369131,597327771
1078,0,SoutheastAsia,SouthernAfrica,0,59016093,597327771
1079,2.44E-08,SoutheastAsia,FrenchEurope,207.1,74473368,597327771
1080,0,SoutheastAsia,ArabicWestAfrica,0,3609543,597327771
1081,0,SouthernAfrica,FrenchEurope,0,74473368,59016093
1082,1.22E-05,SouthernAfrica,SouthernAfrica,36818.2,59016093,59016093
1083,1.13E-06,SouthernAfrica,Angola,1534,23369131,59016093
1084,0,SouthernAfrica,USA,0,308711621,59016093
1085,0,SouthernAfrica,NorthAfrica,0,204310190,59016093
1086,0,SouthernAfrica,CentralAmerica,0,160556595,59016093
1087,0,SouthernAfrica,GermanEurope,0,113855625,59016093
1088,0,SouthernAfrica,Spain,0,46788630,59016093
1089,0,SouthernAfrica,EasternEurope,0,294540681,59016093
1090,0,SouthernAfrica,Canada,0,34168668,59016093
1091,0,SouthernAfrica,Somalia,0,12053223,59016093
1092,0,SouthernAfrica,ChineseAsia,0,1393132348,59016093
1093,0,SouthernAfrica,Korea,0,74144454,59016093
1094,0,SouthernAfrica,RussianAsia,0,55514817,59016093
1095,0,SouthernAfrica,Caribbean,0,41724731,59016093
1096,0,SouthernAfrica,Madagascar,0,21151640,59016093
1097,0,SouthernAfrica,NordicCountries,0,32140303,59016093
1098,0,SouthernAfrica,Melanesia,0,8983311,59016093
1099,0,SouthernAfrica,MiddleAfrica,0,107982268,59016093
1100,0,SouthernAfrica,Brazil,0,196796269,59016093
1101,0,SouthernAfrica,Tajikistan,0,7641630,59016093
1102,0,SouthernAfrica,ArabicMiddleEast,0,129648409,59016093
1103,0,SouthernAfrica,BalkanPeninsula,0,29503649,59016093
1104,0,SouthernAfrica,SoutheastAsia,0,597327771,59016093
1105,0,SouthernAfrica,ArabicWestAfrica,0,3609543,59016093
1106,7.23E-06,SouthernAfrica,EastAfrica,91968.8,313782635,59016093
1107,0,SouthernAfrica,TurkishMiddleEast,0,103089615,59016093
1108,0,SouthernAfrica,SpanishSouthAmerica,0,198483935,59016093
1109,0,SouthernAfrica,FrenchWestAfrica,0,304171621,59016093
1110,0,SouthernAfrica,BritishIsles,0,68013843,59016093
1111,0,SouthernAfrica,ItalianEurope,0,66998485,59016093
1112,0,SouthernAfrica,Portugal,0,10652321,59016093
1113,-7.84E-08,SouthernAfrica,AustrailiaNewZealand,-119.1,26490126,59016093
1114,0,SouthernAfrica,Japan,0,128551873,59016093
1115,0,SouthernAfrica,PersianMiddleEast,0,103370678,59016093
1116,0,SouthernAfrica,IndianSubcontinent,0,1602003617,59016093
1117,4.45E-06,Spain,NordicCountries,7339.7,32140303,46788630
1118,1.98E-05,Spain,SpanishSouthAmerica,155936.4,198483935,46788630
1119,1.22E-06,Spain,FrenchWestAfrica,13926.8,304171621,46788630
1120,4.65E-06,Spain,FrenchEurope,15793.4,74473368,46788630
1121,2.15E-07,Spain,Angola,269.1,23369131,46788630
1122,2.42E-06,Spain,ItalianEurope,7494.4,66998485,46788630
1123,7.88E-06,Spain,Caribbean,16267.8,41724731,46788630
1124,7.32E-08,Spain,TurkishMiddleEast,329.5,103089615,46788630
1125,1.73E-05,Spain,Portugal,11058.3,10652321,46788630
1126,7.19E-08,Spain,PersianMiddleEast,324.8,103370678,46788630
1127,6.75E-08,Spain,Japan,367.9,128551873,46788630
1128,5.82E-08,Spain,Korea,197.7,74144454,46788630
1129,1.24E-06,Spain,CentralAmerica,8151.7,160556595,46788630
1130,4.96E-06,Spain,GermanEurope,24296.6,113855625,46788630
1131,3.08E-08,Spain,Melanesia,17,8983311,46788630
1132,2.87E-07,Spain,ChineseAsia,12099.9,1393132348,46788630
1133,1.93E-07,Spain,Canada,335.5,34168668,46788630
1134,4.17E-09,Spain,Tajikistan,2.2,7641630,46788630
1135,3.12E-06,Spain,ArabicWestAfrica,786.6,3609543,46788630
1136,3.82E-08,Spain,Madagascar,44.4,21151640,46788630
1137,4.60E-07,Spain,MiddleAfrica,2150.7,107982268,46788630
1138,1.04E-05,Spain,EasternEurope,114868.5,294540681,46788630
1139,5.79E-07,Spain,BalkanPeninsula,887.2,29503649,46788630
1140,4.80E-08,Spain,EastAfrica,562.3,313782635,46788630
1141,2.77E-08,Spain,RussianAsia,73,55514817,46788630
1142,1.68E-07,Spain,IndianSubcontinent,7973.6,1602003617,46788630
1143,1.46E-07,Spain,SoutheastAsia,2971,597327771,46788630
1144,5.93E-08,Spain,SouthernAfrica,165.7,59016093,46788630
1145,5.50E-07,Spain,ArabicMiddleEast,3008.5,129648409,46788630
1146,1.73E-06,Spain,Brazil,13540.8,196796269,46788630
1147,4.51E-08,Spain,Somalia,32.7,12053223,46788630
1148,1.86E-07,Spain,USA,2150.8,308711621,46788630
1149,1.07E-05,Spain,BritishIsles,33774.7,68013843,46788630
1150,7.06E-06,Spain,NorthAfrica,57146.9,204310190,46788630
1151,2.73E-07,Spain,AustrailiaNewZealand,381.8,26490126,46788630
1152,0,Spain,Spain,0,46788630,46788630
1153,4.49E-09,SpanishSouthAmerica,Japan,41.6,128551873,198483935
1154,6.20E-09,SpanishSouthAmerica,SouthernAfrica,29.8,59016093,198483935
1155,-5.14E-10,SpanishSouthAmerica,NorthAfrica,-7.7,204310190,198483935
1156,1.34E-07,SpanishSouthAmerica,CentralAmerica,1485.8,160556595,198483935
1157,5.16E-10,SpanishSouthAmerica,Madagascar,1.8,21151640,198483935
1158,-1.42E-09,SpanishSouthAmerica,Angola,-3.1,23369131,198483935
1159,-2.61E-09,SpanishSouthAmerica,Spain,-10.1,46788630,198483935
1160,3.93E-08,SpanishSouthAmerica,NordicCountries,109.1,32140303,198483935
1161,4.77E-08,SpanishSouthAmerica,AustrailiaNewZealand,112.2,26490126,198483935
1162,1.67E-09,SpanishSouthAmerica,FrenchWestAfrica,32.1,304171621,198483935
1163,-1.39E-08,SpanishSouthAmerica,ArabicMiddleEast,-128,129648409,198483935
1164,-3.14E-08,SpanishSouthAmerica,BalkanPeninsula,-81.4,29503649,198483935
1165,1.63E-07,SpanishSouthAmerica,USA,3170,308711621,198483935
1166,1.75E-07,SpanishSouthAmerica,Korea,994,74144454,198483935
1167,1.83E-07,SpanishSouthAmerica,GermanEurope,1510,113855625,198483935
1168,4.22E-09,SpanishSouthAmerica,PersianMiddleEast,32.6,103370678,198483935
1169,1.85E-07,SpanishSouthAmerica,Caribbean,642.5,41724731,198483935
1170,3.55E-10,SpanishSouthAmerica,EastAfrica,7.2,313782635,198483935
1171,0,SpanishSouthAmerica,ArabicWestAfrica,0.1,3609543,198483935
1172,6.43E-09,SpanishSouthAmerica,ChineseAsia,456.9,1393132348,198483935
1173,1.09E-09,SpanishSouthAmerica,IndianSubcontinent,87.4,1602003617,198483935
1174,2.16E-09,SpanishSouthAmerica,Melanesia,2,8983311,198483935
1175,9.05E-10,SpanishSouthAmerica,SoutheastAsia,31.3,597327771,198483935
1176,1.40E-09,SpanishSouthAmerica,MiddleAfrica,11.6,107982268,198483935
1177,1.85E-09,SpanishSouthAmerica,TurkishMiddleEast,14.7,103089615,198483935
1178,5.47E-08,SpanishSouthAmerica,Brazil,721.5,196796269,198483935
1179,8.68E-09,SpanishSouthAmerica,Tajikistan,7.7,7641630,198483935
1180,-1.29E-07,SpanishSouthAmerica,Portugal,-138.2,10652321,198483935
1181,-3.13E-07,SpanishSouthAmerica,ItalianEurope,-1631.4,66998485,198483935
1182,5.41E-09,SpanishSouthAmerica,RussianAsia,24.6,55514817,198483935
1183,-3.53E-08,SpanishSouthAmerica,EasternEurope,-658.7,294540681,198483935
1184,5.96E-08,SpanishSouthAmerica,BritishIsles,315.1,68013843,198483935
1185,1.57E-07,SpanishSouthAmerica,Canada,458.8,34168668,198483935
1186,9.27E-08,SpanishSouthAmerica,FrenchEurope,530.1,74473368,198483935
1187,1.38E-06,SpanishSouthAmerica,SpanishSouthAmerica,18349.7,198483935,198483935
1188,0,SpanishSouthAmerica,Somalia,-0.1,12053223,198483935
1189,0,Tajikistan,BalkanPeninsula,0,29503649,7641630
1190,0,Tajikistan,Melanesia,0,8983311,7641630
1191,-4.04E-06,Tajikistan,RussianAsia,-5555.5,55514817,7641630
1192,0,Tajikistan,Canada,0,34168668,7641630
1193,0,Tajikistan,Portugal,0,10652321,7641630
1194,0,Tajikistan,ArabicMiddleEast,0,129648409,7641630
1195,0,Tajikistan,Spain,0,46788630,7641630
1196,0,Tajikistan,SpanishSouthAmerica,0,198483935,7641630
1197,0,Tajikistan,FrenchEurope,0,74473368,7641630
1198,0,Tajikistan,MiddleAfrica,0,107982268,7641630
1199,0,Tajikistan,Korea,0,74144454,7641630
1200,0,Tajikistan,ArabicWestAfrica,0,3609543,7641630
1201,0,Tajikistan,ChineseAsia,0,1393132348,7641630
1202,0,Tajikistan,EastAfrica,0,313782635,7641630
1203,0,Tajikistan,Angola,0,23369131,7641630
1204,0,Tajikistan,GermanEurope,0,113855625,7641630
1205,0,Tajikistan,SoutheastAsia,0,597327771,7641630
1206,0,Tajikistan,NorthAfrica,0,204310190,7641630
1207,0,Tajikistan,SouthernAfrica,0,59016093,7641630
1208,0,Tajikistan,NordicCountries,0,32140303,7641630
1209,2.35E-06,Tajikistan,PersianMiddleEast,5524.5,103370678,7641630
1210,0,Tajikistan,TurkishMiddleEast,0,103089615,7641630
1211,0,Tajikistan,USA,0,308711621,7641630
1212,0,Tajikistan,FrenchWestAfrica,0,304171621,7641630
1213,0,Tajikistan,CentralAmerica,0,160556595,7641630
1214,0,Tajikistan,Brazil,0,196796269,7641630
1215,0,Tajikistan,Japan,0,128551873,7641630
1216,0,Tajikistan,IndianSubcontinent,0,1602003617,7641630
1217,0,Tajikistan,ItalianEurope,0,66998485,7641630
1218,2.72E-07,Tajikistan,EasternEurope,1572.5,294540681,7641630
1219,0,Tajikistan,Tajikistan,0,7641630,7641630
1220,0,Tajikistan,Somalia,0,12053223,7641630
1221,0,Tajikistan,Madagascar,0,21151640,7641630
1222,0,Tajikistan,Caribbean,0,41724731,7641630
1223,0,Tajikistan,BritishIsles,0,68013843,7641630
1224,0,Tajikistan,AustrailiaNewZealand,0,26490126,7641630
1225,3.43E-10,TurkishMiddleEast,CentralAmerica,3.2,160556595,103089615
1226,7.54E-08,TurkishMiddleEast,BritishIsles,315.1,68013843,103089615
1227,1.34E-09,TurkishMiddleEast,IndianSubcontinent,85.9,1602003617,103089615
1228,0,TurkishMiddleEast,Melanesia,0,8983311,103089615
1229,4.71E-09,TurkishMiddleEast,Tajikistan,3,7641630,103089615
1230,2.36E-09,TurkishMiddleEast,Portugal,2.8,10652321,103089615
1231,6.05E-07,TurkishMiddleEast,GermanEurope,3934.1,113855625,103089615
1232,3.32E-09,TurkishMiddleEast,Japan,24.4,128551873,103089615
1233,5.36E-08,TurkishMiddleEast,RussianAsia,188.1,55514817,103089615
1234,4.38E-07,TurkishMiddleEast,EasternEurope,6456.2,294540681,103089615
1235,0,TurkishMiddleEast,ArabicWestAfrica,0.2,3609543,103089615
1236,1.55E-07,TurkishMiddleEast,PersianMiddleEast,930.2,103370678,103089615
1237,7.36E-09,TurkishMiddleEast,Canada,17.7,34168668,103089615
1238,2.14E-08,TurkishMiddleEast,TurkishMiddleEast,128.6,103089615,103089615
1239,3.81E-10,TurkishMiddleEast,SpanishSouthAmerica,4.7,198483935,103089615
1240,1.84E-08,TurkishMiddleEast,ItalianEurope,76.8,66998485,103089615
1241,0,TurkishMiddleEast,Madagascar,0.1,21151640,103089615
1242,7.76E-10,TurkishMiddleEast,SoutheastAsia,21,597327771,103089615
1243,5.21E-07,TurkishMiddleEast,BalkanPeninsula,1060.9,29503649,103089615
1244,3.78E-08,TurkishMiddleEast,NorthAfrica,407.8,204310190,103089615
1245,0,TurkishMiddleEast,Somalia,0.3,12053223,103089615
1246,-1.93E-10,TurkishMiddleEast,EastAfrica,-3.3,313782635,103089615
1247,1.33E-09,TurkishMiddleEast,Korea,6.7,74144454,103089615
1248,6.71E-07,TurkishMiddleEast,ArabicMiddleEast,4879.2,129648409,103089615
1249,4.62E-10,TurkishMiddleEast,FrenchWestAfrica,7.1,304171621,103089615
1250,8.21E-08,TurkishMiddleEast,NordicCountries,180.1,32140303,103089615
1251,3.92E-10,TurkishMiddleEast,ChineseAsia,22.1,1393132348,103089615
1252,4.95E-09,TurkishMiddleEast,Spain,15,46788630,103089615
1253,0,TurkishMiddleEast,Angola,-0.6,23369131,103089615
1254,6.44E-10,TurkishMiddleEast,MiddleAfrica,4,107982268,103089615
1255,3.65E-10,TurkishMiddleEast,Caribbean,1.3,41724731,103089615
1256,1.19E-08,TurkishMiddleEast,USA,183.7,308711621,103089615
1257,2.10E-08,TurkishMiddleEast,AustrailiaNewZealand,39.4,26490126,103089615
1258,3.25E-09,TurkishMiddleEast,SouthernAfrica,12.6,59016093,103089615
1259,3.84E-10,TurkishMiddleEast,Brazil,4.2,196796269,103089615
1260,6.87E-08,TurkishMiddleEast,FrenchEurope,310.9,74473368,103089615
1261,2.29E-05,USA,CentralAmerica,296801.3,160556595,308711621
1262,-6.78E-06,USA,GermanEurope,-65465.5,113855625,308711621
1263,-1.52E-07,USA,AustrailiaNewZealand,-420.9,26490126,308711621
1264,1.00E-06,USA,SoutheastAsia,40320.6,597327771,308711621
1265,2.55E-07,USA,TurkishMiddleEast,2256.5,103089615,308711621
1266,4.83E-07,USA,EastAfrica,11139.3,313782635,308711621
1267,5.21E-06,USA,Somalia,7285.6,12053223,308711621
1268,8.09E-07,USA,IndianSubcontinent,75922.4,1602003617,308711621
1269,2.60E-07,USA,NorthAfrica,4144.9,204310190,308711621
1270,-3.15E-08,USA,USA,-716.6,308711621,308711621
1271,1.70E-07,USA,Tajikistan,161.8,7641630,308711621
1272,-3.42E-06,USA,NordicCountries,-11140.9,32140303,308711621
1273,1.77E-07,USA,SouthernAfrica,973,59016093,308711621
1274,1.41E-05,USA,Caribbean,57223.8,41724731,308711621
1275,1.24E-07,USA,MiddleAfrica,1140,107982268,308711621
1276,-1.13E-06,USA,BalkanPeninsula,-3409.4,29503649,308711621
1277,8.87E-07,USA,ChineseAsia,73821.8,1393132348,308711621
1278,2.17E-07,USA,Melanesia,236.8,8983311,308711621
1279,3.21E-06,USA,SpanishSouthAmerica,50027.6,198483935,308711621
1280,7.36E-07,USA,Brazil,11381.1,196796269,308711621
1281,-1.49E-06,USA,Japan,-16013.4,128551873,308711621
1282,2.90E-08,USA,RussianAsia,151.3,55514817,308711621
1283,-8.35E-07,USA,Spain,-3753.7,46788630,308711621
1284,-1.12E-07,USA,Angola,-277.5,23369131,308711621
1285,-3.36E-06,USA,Canada,-11534.6,34168668,308711621
1286,-2.82E-06,USA,Portugal,-3544.2,10652321,308711621
1287,-2.54E-06,USA,BritishIsles,-15771.4,68013843,308711621
1288,-6.16E-07,USA,FrenchEurope,-4125.5,74473368,308711621
1289,6.19E-07,USA,FrenchWestAfrica,13921.1,304171621,308711621
1290,9.85E-07,USA,ArabicMiddleEast,10632.3,129648409,308711621
1291,-1.92E-06,USA,ItalianEurope,-11735.7,66998485,308711621
1292,8.37E-07,USA,PersianMiddleEast,7434.3,103370678,308711621
1293,6.43E-06,USA,Korea,42912.5,74144454,308711621
1294,1.07E-06,USA,EasternEurope,23445.1,294540681,308711621
1295,2.96E-07,USA,ArabicWestAfrica,147.9,3609543,308711621
1296,-8.90E-08,USA,Madagascar,-202.6,21151640,308711621