k,destRegion,originRegion,migrations,originPop,destPop
0,Angola,Angola,0,23369131,23369131
0,Angola,PersianMiddleEast,0,103370678,23369131
0,Angola,USA,0,309413317,23369131
0,Angola,Somalia,0,12053223,23369131
0,Angola,Brazil,0,196796269,23369131
4.86E-08,Angola,EastAfrica,442,312744208,23369131
0,Angola,Caribbean,0,40878080,23369131
0,Angola,ItalianEurope,0,66608219,23369131
0,Angola,AustrailiaNewZealand,0,26382450,23369131
0,Angola,ArabicWestAfrica,0,3609543,23369131
0,Angola,ChineseAsia,0,1347978819,23369131
0,Angola,SouthernAfrica,0,58410862.36,23369131
0,Angola,Korea,0,74145711,23369131
5.11E-06,Angola,MiddleAfrica,18616,107982268,23369131
0,Angola,Melanesia,0,8982274,23369131
0,Angola,EasternEurope,0,293323902,23369131
0,Angola,SpanishSouthAmerica,0,198246902,23369131
0,Angola,SoutheastAsia,0,595790239,23369131
0,Angola,GermanEurope,0,114616640,23369131
0,Angola,Madagascar,0,21151640,23369131
0,Angola,Tajikistan,0,7641630,23369131
0,Angola,Canada,0,34005274,23369131
0,Angola,IndianSubcontinent,0,1601926753,23369131
0,Angola,FrenchEurpoe,0,37094,23369131
3.98E-05,Angola,Portugal,19629,10573100,23369131
0,Angola,Japan,0,128070000,23369131
0,Angola,NorthAfrica,0,203829916,23369131
0,Angola,TurkishMiddleEast,0,103089615,23369131
0,Angola,BritishIsles,0,67406592,23369131
0,Angola,NordicCountries,0,32071316,23369131
0,Angola,BalkanPeninsula,0,27436867,23369131
0,Angola,Spain,0,46576897,23369131
0,Angola,ArabicMiddleEast,0,129306537,23369131
0,Angola,RussianAsia,0,55419091,23369131
1.54E-06,Angola,FrenchWestAfrica,13704,304167444,23369131
0,Angola,CentralAmerica,0,160556595,23369131
0,Angola,FrenchEurope,0,76430051,23369131
8.20E-08,ArabicMiddleEast,Brazil,926,196796269,129306537
6.29E-09,ArabicMiddleEast,Melanesia,5,8982274,129306537
1.61E-06,ArabicMiddleEast,Canada,4012,34005274,129306537
6.34E-08,ArabicMiddleEast,Portugal,58,10573100,129306537
9.34E-05,ArabicMiddleEast,TurkishMiddleEast,604960,103089615,129306537
8.13E-07,ArabicMiddleEast,ItalianEurope,3618,66608219,129306537
0.000306242,ArabicMiddleEast,NorthAfrica,3566308,203829916,129306537
0.000103413,ArabicMiddleEast,EasternEurope,1646934,293323902,129306537
3.04E-08,ArabicMiddleEast,Caribbean,89,40878080,129306537
1.17E-08,ArabicMiddleEast,CentralAmerica,111,160556595,129306537
0,ArabicMiddleEast,Angola,0,23369131,129306537
9.30E-06,ArabicMiddleEast,GermanEurope,66010,114616640,129306537
0,ArabicMiddleEast,FrenchEurpoe,0,37094,129306537
9.30E-06,ArabicMiddleEast,FrenchEurope,46590,76430051,129306537
3.84E-05,ArabicMiddleEast,Tajikistan,26541,7641630,129306537
7.11E-06,ArabicMiddleEast,USA,118482,309413317,129306537
9.34E-07,ArabicMiddleEast,FrenchWestAfrica,15352,304167444,129306537
5.42E-09,ArabicMiddleEast,Madagascar,9,21151640,129306537
1.19E-07,ArabicMiddleEast,Japan,931,128070000,129306537
2.47E-05,ArabicMiddleEast,BritishIsles,111072,67406592,129306537
1.67E-07,ArabicMiddleEast,Korea,816,74145711,129306537
9.39E-06,ArabicMiddleEast,EastAfrica,157950,312744208,129306537
1.76E-06,ArabicMiddleEast,MiddleAfrica,11898,107982268,129306537
1.69E-05,ArabicMiddleEast,NordicCountries,40044,32071316,129306537
2.20E-05,ArabicMiddleEast,BalkanPeninsula,45704,27436867,129306537
0.000778205,ArabicMiddleEast,ArabicMiddleEast,6127326,129306537,129306537
6.73E-05,ArabicMiddleEast,PersianMiddleEast,437251,103370678,129306537
4.70E-05,ArabicMiddleEast,SoutheastAsia,1376304,595790239,129306537
5.98E-05,ArabicMiddleEast,RussianAsia,227218,55419091,129306537
1.11E-06,ArabicMiddleEast,SouthernAfrica,4398,58410862.36,129306537
0.000104864,ArabicMiddleEast,Somalia,107290,12053223,129306537
5.68E-07,ArabicMiddleEast,ArabicWestAfrica,206,3609543,129306537
8.09E-07,ArabicMiddleEast,Spain,2646,46576897,129306537
4.28E-06,ArabicMiddleEast,SpanishSouthAmerica,48658,198246902,129306537
0.000132703,ArabicMiddleEast,IndianSubcontinent,9100329,1601926753,129306537
2.37E-06,ArabicMiddleEast,AustrailiaNewZealand,4766,26382450,129306537
1.32E-06,ArabicMiddleEast,ChineseAsia,78225,1347978819,129306537
6.55E-07,ArabicWestAfrica,ArabicMiddleEast,1422,129306537,3609543
0,ArabicWestAfrica,SoutheastAsia,0,595790239,3609543
5.16E-07,ArabicWestAfrica,MiddleAfrica,959,107982268,3609543
1.12E-09,ArabicWestAfrica,PersianMiddleEast,2,103370678,3609543
1.05E-08,ArabicWestAfrica,Tajikistan,2,7641630,3609543
4.07E-08,ArabicWestAfrica,USA,187,309413317,3609543
8.92E-08,ArabicWestAfrica,Korea,120,74145711,3609543
1.91E-05,ArabicWestAfrica,FrenchWestAfrica,86653,304167444,3609543
8.17E-08,ArabicWestAfrica,TurkishMiddleEast,146,103089615,3609543
5.26E-08,ArabicWestAfrica,SpanishSouthAmerica,165,198246902,3609543
0,ArabicWestAfrica,Angola,0,23369131,3609543
1.53E-08,ArabicWestAfrica,RussianAsia,16,55419091,3609543
0,ArabicWestAfrica,BalkanPeninsula,0,27436867,3609543
7.40E-10,ArabicWestAfrica,IndianSubcontinent,14,1601926753,3609543
0,ArabicWestAfrica,CentralAmerica,0,160556595,3609543
1.39E-06,ArabicWestAfrica,NorthAfrica,4461,203829916,3609543
8.73E-08,ArabicWestAfrica,Brazil,272,196796269,3609543
1.66E-08,ArabicWestAfrica,ChineseAsia,270,1347978819,3609543
0,ArabicWestAfrica,FrenchEurpoe,0,37094,3609543
1.62E-07,ArabicWestAfrica,Spain,146,46576897,3609543
0,ArabicWestAfrica,Madagascar,0,21151640,3609543
0,ArabicWestAfrica,Somalia,0,12053223,3609543
0,ArabicWestAfrica,Japan,0,128070000,3609543
1.29E-07,ArabicWestAfrica,Canada,89,34005274,3609543
0,ArabicWestAfrica,EastAfrica,0,312744208,3609543
7.74E-08,ArabicWestAfrica,ItalianEurope,95,66608219,3609543
6.13E-08,ArabicWestAfrica,GermanEurope,120,114616640,3609543
0,ArabicWestAfrica,Portugal,0,10573100,3609543
1.24E-08,ArabicWestAfrica,Caribbean,10,40878080,3609543
0,ArabicWestAfrica,Melanesia,0,8982274,3609543
2.57E-08,ArabicWestAfrica,EasternEurope,113,293323902,3609543
1.79E-06,ArabicWestAfrica,FrenchEurope,2472,76430051,3609543
3.06E-09,ArabicWestAfrica,NordicCountries,2,32071316,3609543
0,ArabicWestAfrica,BritishIsles,0,67406592,3609543
0,ArabicWestAfrica,AustrailiaNewZealand,0,26382450,3609543
0,ArabicWestAfrica,ArabicWestAfrica,0,3609543,3609543
0,ArabicWestAfrica,SouthernAfrica,0,58410862.36,3609543
8.82E-06,AustrailiaNewZealand,Spain,16285,46576897,26382450
3.75E-05,AustrailiaNewZealand,Portugal,19343,10573100,26382450
0.000126387,AustrailiaNewZealand,ItalianEurope,317403,66608219,26382450
3.20E-07,AustrailiaNewZealand,Tajikistan,125,7641630,26382450
1.45E-05,AustrailiaNewZealand,ChineseAsia,483207,1347978819,26382450
2.03E-05,AustrailiaNewZealand,EasternEurope,182598,293323902,26382450
1.20E-06,AustrailiaNewZealand,RussianAsia,2578,55419091,26382450
0.00025898,AustrailiaNewZealand,BalkanPeninsula,303324,27436867,26382450
3.61E-05,AustrailiaNewZealand,Canada,50832,34005274,26382450
0.000609743,AustrailiaNewZealand,BritishIsles,1547049,67406592,26382450
4.06E-05,AustrailiaNewZealand,NordicCountries,54409,32071316,26382450
3.79E-05,AustrailiaNewZealand,Korea,104367,74145711,26382450
5.41E-07,AustrailiaNewZealand,Angola,552,23369131,26382450
1.32E-05,AustrailiaNewZealand,Japan,57981,128070000,26382450
7.60E-05,AustrailiaNewZealand,GermanEurope,304549,114616640,26382450
3.34E-06,AustrailiaNewZealand,Caribbean,5509,40878080,26382450
0.000490644,AustrailiaNewZealand,AustrailiaNewZealand,555611,26382450,26382450
3.15E-06,AustrailiaNewZealand,CentralAmerica,16862,160556595,26382450
3.84E-05,AustrailiaNewZealand,ArabicMiddleEast,170492,129306537,26382450
1.12E-05,AustrailiaNewZealand,NorthAfrica,73452,203829916,26382450
0.000310334,AustrailiaNewZealand,Melanesia,139128,8982274,26382450
1.30E-05,AustrailiaNewZealand,FrenchEurope,36722,76430051,26382450
2.43E-05,AustrailiaNewZealand,TurkishMiddleEast,88812,103089615,26382450
1.95E-06,AustrailiaNewZealand,Brazil,12437,196796269,26382450
1.59E-06,AustrailiaNewZealand,FrenchWestAfrica,14723,304167444,26382450
2.70E-05,AustrailiaNewZealand,FrenchEurpoe,108,37094,26382450
4.62E-05,AustrailiaNewZealand,SoutheastAsia,763330,595790239,26382450
2.59E-07,AustrailiaNewZealand,Madagascar,243,21151640,26382450
8.09E-05,AustrailiaNewZealand,SouthernAfrica,181397,58410862.36,26382450
1.03E-05,AustrailiaNewZealand,IndianSubcontinent,398125,1601926753,26382450
1.54E-05,AustrailiaNewZealand,PersianMiddleEast,56485,103370678,26382450
6.72E-07,AustrailiaNewZealand,MiddleAfrica,2558,107982268,26382450
1.09E-05,AustrailiaNewZealand,USA,102267,309413317,26382450
1.09E-05,AustrailiaNewZealand,EastAfrica,103865,312744208,26382450
1.26E-05,AustrailiaNewZealand,SpanishSouthAmerica,80692,198246902,26382450
9.28E-08,AustrailiaNewZealand,ArabicWestAfrica,19,3609543,26382450
1.32E-05,AustrailiaNewZealand,Somalia,7602,12053223,26382450
8.57E-06,BalkanPeninsula,BritishIsles,22052,67406592,27436867
2.47E-06,BalkanPeninsula,FrenchEurpoe,10,37094,27436867
3.34E-06,BalkanPeninsula,FrenchEurope,9586,76430051,27436867
1.86E-07,BalkanPeninsula,CentralAmerica,1007,160556595,27436867
1.94E-05,BalkanPeninsula,ArabicMiddleEast,87222,129306537,27436867
2.06E-06,BalkanPeninsula,RussianAsia,4485,55419091,27436867
6.11E-08,BalkanPeninsula,Madagascar,58,21151640,27436867
4.47E-07,BalkanPeninsula,SoutheastAsia,7494,595790239,27436867
1.05E-06,BalkanPeninsula,SouthernAfrica,2384,58410862.36,27436867
9.27E-05,BalkanPeninsula,BalkanPeninsula,110083,27436867,27436867
5.75E-06,BalkanPeninsula,NordicCountries,7806,32071316,27436867
3.43E-07,BalkanPeninsula,Korea,957,74145711,27436867
9.25E-07,BalkanPeninsula,IndianSubcontinent,36307,1601926753,27436867
3.07E-07,BalkanPeninsula,EastAfrica,2953,312744208,27436867
8.11E-07,BalkanPeninsula,Caribbean,1358,40878080,27436867
1.15E-06,BalkanPeninsula,Canada,1643,34005274,27436867
1.95E-07,BalkanPeninsula,Brazil,1258,196796269,27436867
1.76E-05,BalkanPeninsula,Portugal,9213,10573100,27436867
5.51E-06,BalkanPeninsula,TurkishMiddleEast,20436,103089615,27436867
1.39E-07,BalkanPeninsula,ChineseAsia,4705,1347978819,27436867
6.83E-08,BalkanPeninsula,Somalia,40,12053223,27436867
1.30E-06,BalkanPeninsula,PersianMiddleEast,4847,103370678,27436867
4.84E-08,BalkanPeninsula,Melanesia,22,8982274,27436867
3.15E-07,BalkanPeninsula,SpanishSouthAmerica,2051,198246902,27436867
0.000323885,BalkanPeninsula,ItalianEurope,824945,66608219,27436867
6.23E-06,BalkanPeninsula,GermanEurope,25305,114616640,27436867
1.99E-06,BalkanPeninsula,NorthAfrica,13257,203829916,27436867
1.95E-07,BalkanPeninsula,MiddleAfrica,752,107982268,27436867
1.45E-08,BalkanPeninsula,ArabicWestAfrica,3,3609543,27436867
1.74E-08,BalkanPeninsula,Angola,18,23369131,27436867
2.83E-07,BalkanPeninsula,Japan,1264,128070000,27436867
6.19E-07,BalkanPeninsula,USA,5907,309413317,27436867
2.36E-05,BalkanPeninsula,EasternEurope,215089,293323902,27436867
1.88E-05,BalkanPeninsula,Spain,35122,46576897,27436867
4.48E-07,BalkanPeninsula,FrenchWestAfrica,4215,304167444,27436867
4.15E-06,BalkanPeninsula,AustrailiaNewZealand,4765,26382450,27436867
3.54E-08,BalkanPeninsula,Tajikistan,14,7641630,27436867
3.03E-07,Brazil,CentralAmerica,3348,160556595,196796269
1.18E-08,Brazil,IndianSubcontinent,938,1601926753,196796269
4.34E-07,Brazil,Canada,1261,34005274,196796269
0,Brazil,Madagascar,0,21151640,196796269
1.51E-07,Brazil,ChineseAsia,10364,1347978819,196796269
2.16E-07,Brazil,Tajikistan,174,7641630,196796269
0,Brazil,MiddleAfrica,0,107982268,196796269
9.22E-08,Brazil,TurkishMiddleEast,695,103089615,196796269
0,Brazil,PersianMiddleEast,0,103370678,196796269
1.06E-05,Brazil,SpanishSouthAmerica,139621,198246902,196796269
2.34E-06,Brazil,ArabicMiddleEast,21414,129306537,196796269
0,Brazil,Somalia,0,12053223,196796269
1.15E-05,Brazil,Spain,43871,46576897,196796269
3.56E-06,Brazil,GermanEurope,29391,114616640,196796269
1.79E-07,Brazil,RussianAsia,790,55419091,196796269
1.08E-05,Brazil,ItalianEurope,56108,66608219,196796269
0,Brazil,Melanesia,0,8982274,196796269
1.53E-06,Brazil,Korea,8698,74145711,196796269
0,Brazil,ArabicWestAfrica,0,3609543,196796269
0,Brazil,SoutheastAsia,0,595790239,196796269
1.12E-06,Brazil,EasternEurope,20658,293323902,196796269
0,Brazil,SouthernAfrica,0,58410862.36,196796269
0,Brazil,FrenchWestAfrica,0,304167444,196796269
1.70E-06,Brazil,BalkanPeninsula,4102,27436867,196796269
6.86E-08,Brazil,EastAfrica,1342,312744208,196796269
2.52E-07,Brazil,NorthAfrica,3413,203829916,196796269
5.96E-07,Brazil,NordicCountries,1646,32071316,196796269
1.69E-06,Brazil,FrenchEurope,9849,76430051,196796269
1.92E-07,Brazil,AustrailiaNewZealand,449,26382450,196796269
7.86E-06,Brazil,Japan,71367,128070000,196796269
3.03E-06,Brazil,Angola,6379,23369131,196796269
7.24E-07,Brazil,USA,14034,309413317,196796269
0,Brazil,Brazil,0,196796269,196796269
0,Brazil,FrenchEurpoe,0,37094,196796269
0.000201739,Brazil,Portugal,214511,10573100,196796269
4.49E-07,Brazil,Caribbean,1526,40878080,196796269
8.18E-07,Brazil,BritishIsles,4279,67406592,196796269
5.09E-06,BritishIsles,MiddleAfrica,27125,107982268,67406592
1.05E-05,BritishIsles,Melanesia,6629,8982274,67406592
3.20E-07,BritishIsles,Tajikistan,175,7641630,67406592
8.93E-06,BritishIsles,Angola,12768,23369131,67406592
4.29E-05,BritishIsles,Canada,84769,34005274,67406592
1.70E-05,BritishIsles,USA,224124,309413317,67406592
4.27E-05,BritishIsles,BalkanPeninsula,70143,27436867,67406592
0.000230576,BritishIsles,BritishIsles,820034,67406592,67406592
7.19E-06,BritishIsles,Brazil,64213,196796269,67406592
8.17E-07,BritishIsles,Madagascar,1072,21151640,67406592
3.71E-05,BritishIsles,EastAfrica,493991,312744208,67406592
1.74E-07,BritishIsles,ArabicWestAfrica,50,3609543,67406592
3.72E-05,BritishIsles,ItalianEurope,130813,66608219,67406592
0.000119105,BritishIsles,AustrailiaNewZealand,189058,26382450,67406592
3.09E-05,BritishIsles,Spain,79918,46576897,67406592
7.48E-05,BritishIsles,GermanEurope,419882,114616640,67406592
2.43E-05,BritishIsles,PersianMiddleEast,125048,103370678,67406592
8.63E-06,BritishIsles,SpanishSouthAmerica,77650,198246902,67406592
5.52E-05,BritishIsles,FrenchEurpoe,309,37094,67406592
4.67E-06,BritishIsles,ChineseAsia,218291,1347978819,67406592
7.29E-05,BritishIsles,EasternEurope,918753,293323902,67406592
2.75E-05,BritishIsles,IndianSubcontinent,1491712,1601926753,67406592
0.000119693,BritishIsles,Portugal,86540,10573100,67406592
0.000128389,BritishIsles,NordicCountries,241058,32071316,67406592
3.16E-06,BritishIsles,Korea,12199,74145711,67406592
2.91E-05,BritishIsles,ArabicMiddleEast,181435,129306537,67406592
0.000137572,BritishIsles,Somalia,111330,12053223,67406592
0.000119307,BritishIsles,Caribbean,275981,40878080,67406592
7.75E-05,BritishIsles,SouthernAfrica,243666,58410862.36,67406592
2.40E-05,BritishIsles,FrenchWestAfrica,312081,304167444,67406592
1.42E-05,BritishIsles,SoutheastAsia,328201,595790239,67406592
2.75E-05,BritishIsles,TurkishMiddleEast,140852,103089615,67406592
9.70E-07,BritishIsles,RussianAsia,2916,55419091,67406592
1.73E-06,BritishIsles,CentralAmerica,12997,160556595,67406592
5.48E-06,BritishIsles,Japan,33873,128070000,67406592
1.02E-05,BritishIsles,NorthAfrica,93806,203829916,67406592
4.25E-05,BritishIsles,FrenchEurope,168230,76430051,67406592
4.62E-06,Canada,Canada,7130,34005274,34005274
5.23E-06,Canada,Japan,25267,128070000,34005274
5.73E-05,Canada,EasternEurope,564351,293323902,34005274
3.59E-05,Canada,Somalia,22718,12053223,34005274
1.60E-05,Canada,TurkishMiddleEast,64172,103089615,34005274
1.97E-05,Canada,IndianSubcontinent,837261,1601926753,34005274
4.21E-05,Canada,ArabicMiddleEast,204895,129306537,34005274
0.000252084,Canada,BritishIsles,700787,67406592,34005274
3.77E-05,Canada,FrenchEurope,116844,76430051,34005274
2.59E-05,Canada,CentralAmerica,151865,160556595,34005274
1.53E-06,Canada,Tajikistan,652,7641630,34005274
4.86E-05,Canada,NordicCountries,71384,32071316,34005274
3.90E-05,Canada,SpanishSouthAmerica,274337,198246902,34005274
5.92E-06,Canada,Spain,11979,46576897,34005274
2.30E-06,Canada,Madagascar,2363,21151640,34005274
5.90E-05,Canada,Melanesia,28966,8982274,34005274
1.21E-05,Canada,EastAfrica,126111,312744208,34005274
0.000202022,Canada,Caribbean,365289,40878080,34005274
0.000309775,Canada,Portugal,175072,10573100,34005274
2.52E-06,Canada,Brazil,17607,196796269,34005274
3.18E-05,Canada,FrenchEurpoe,139,37094,34005274
2.17E-05,Canada,NorthAfrica,156568,203829916,34005274
3.80E-05,Canada,Korea,114688,74145711,34005274
5.29E-06,Canada,MiddleAfrica,22063,107982268,34005274
5.19E-06,Canada,RussianAsia,12194,55419091,34005274
2.19E-05,Canada,ChineseAsia,801508,1347978819,34005274
1.98E-05,Canada,SouthernAfrica,48560,58410862.36,34005274
0.000146547,Canada,ItalianEurope,403245,66608219,34005274
8.60E-05,Canada,GermanEurope,377412,114616640,34005274
2.59E-05,Canada,AustrailiaNewZealand,32100,26382450,34005274
3.61E-05,Canada,SoutheastAsia,653104,595790239,34005274
3.72E-05,Canada,PersianMiddleEast,149298,103370678,34005274
2.85E-05,Canada,USA,293905,309413317,34005274
0.000116212,Canada,BalkanPeninsula,149133,27436867,34005274
5.52E-06,Canada,FrenchWestAfrica,56118,304167444,34005274
3.17E-06,Canada,Angola,3545,23369131,34005274
8.69E-07,Canada,ArabicWestAfrica,195,3609543,34005274
7.14E-07,Caribbean,NordicCountries,1120,32071316,40878080
2.17E-07,Caribbean,Brazil,1620,196796269,40878080
1.99E-09,Caribbean,RussianAsia,5,55419091,40878080
3.80E-07,Caribbean,Japan,1961,128070000,40878080
2.57E-07,Caribbean,Korea,828,74145711,40878080
3.50E-08,Caribbean,PersianMiddleEast,150,103370678,40878080
4.17E-08,Caribbean,FrenchWestAfrica,453,304167444,40878080
3.08E-07,Caribbean,AustrailiaNewZealand,408,26382450,40878080
4.99E-08,Caribbean,SoutheastAsia,966,595790239,40878080
0,Caribbean,Tajikistan,0,7641630,40878080
3.74E-08,Caribbean,TurkishMiddleEast,160,103089615,40878080
7.41E-09,Caribbean,MiddleAfrica,33,107982268,40878080
2.44E-05,Caribbean,USA,268776,309413317,40878080
7.29E-06,Caribbean,Spain,15765,46576897,40878080
3.43E-08,Caribbean,Melanesia,18,8982274,40878080
2.46E-08,Caribbean,Madagascar,27,21151640,40878080
0.000232647,Caribbean,Caribbean,449486,40878080,40878080
2.30E-06,Caribbean,CentralAmerica,14436,160556595,40878080
3.90E-07,Caribbean,ArabicMiddleEast,2026,129306537,40878080
4.76E-07,Caribbean,EasternEurope,5011,293323902,40878080
3.75E-06,Caribbean,ItalianEurope,11019,66608219,40878080
2.27E-07,Caribbean,SouthernAfrica,597,58410862.36,40878080
3.28E-08,Caribbean,NorthAfrica,252,203829916,40878080
7.17E-06,Caribbean,Canada,11826,34005274,40878080
1.03E-05,Caribbean,SpanishSouthAmerica,77667,198246902,40878080
1.07E-06,Caribbean,FrenchEurpoe,5,37094,40878080
2.03E-07,Caribbean,BalkanPeninsula,279,27436867,40878080
0,Caribbean,ArabicWestAfrica,0,3609543,40878080
2.51E-08,Caribbean,Angola,30,23369131,40878080
8.65E-08,Caribbean,ChineseAsia,3377,1347978819,40878080
7.40E-09,Caribbean,Somalia,5,12053223,40878080
3.04E-06,Caribbean,GermanEurope,14257,114616640,40878080
7.90E-08,Caribbean,IndianSubcontinent,3579,1601926753,40878080
1.51E-06,Caribbean,FrenchEurope,4989,76430051,40878080
7.38E-06,Caribbean,BritishIsles,21919,67406592,40878080
7.19E-07,Caribbean,Portugal,434,10573100,40878080
3.47E-08,Caribbean,EastAfrica,386,312744208,40878080
2.54E-08,CentralAmerica,FrenchWestAfrica,451,304167444,160556595
1.58E-06,CentralAmerica,ItalianEurope,7587,66608219,160556595
4.07E-07,CentralAmerica,BalkanPeninsula,913,27436867,160556595
1.41E-08,CentralAmerica,RussianAsia,58,55419091,160556595
1.40E-08,CentralAmerica,Melanesia,12,8982274,160556595
6.59E-07,CentralAmerica,Portugal,651,10573100,160556595
3.00E-07,CentralAmerica,ChineseAsia,19189,1347978819,160556595
1.11E-06,CentralAmerica,BritishIsles,5404,67406592,160556595
5.98E-08,CentralAmerica,IndianSubcontinent,4430,1601926753,160556595
4.04E-08,CentralAmerica,Angola,79,23369131,160556595
7.79E-07,CentralAmerica,ArabicMiddleEast,6631,129306537,160556595
5.94E-08,CentralAmerica,SoutheastAsia,1882,595790239,160556595
6.58E-08,CentralAmerica,PersianMiddleEast,462,103370678,160556595
4.07E-07,CentralAmerica,EasternEurope,7000,293323902,160556595
8.99E-07,CentralAmerica,Korea,4745,74145711,160556595
6.05E-07,CentralAmerica,Japan,5105,128070000,160556595
7.17E-08,CentralAmerica,NorthAfrica,903,203829916,160556595
2.35E-08,CentralAmerica,Somalia,26,12053223,160556595
1.26E-08,CentralAmerica,EastAfrica,230,312744208,160556595
7.29E-06,CentralAmerica,SpanishSouthAmerica,89589,198246902,160556595
3.49E-07,CentralAmerica,AustrailiaNewZealand,757,26382450,160556595
9.87E-06,CentralAmerica,Caribbean,31199,40878080,160556595
5.61E-08,CentralAmerica,ArabicWestAfrica,22,3609543,160556595
3.34E-09,CentralAmerica,Madagascar,6,21151640,160556595
1.77E-08,CentralAmerica,MiddleAfrica,129,107982268,160556595
1.99E-06,CentralAmerica,FrenchEurope,10782,76430051,160556595
8.17E-07,CentralAmerica,NordicCountries,2097,32071316,160556595
3.94E-06,CentralAmerica,Canada,10631,34005274,160556595
1.04E-05,CentralAmerica,Spain,36783,46576897,160556595
4.35E-08,CentralAmerica,SouthernAfrica,187,58410862.36,160556595
6.35E-05,CentralAmerica,CentralAmerica,650927,160556595,160556595
2.99E-05,CentralAmerica,USA,539571,309413317,160556595
5.23E-07,CentralAmerica,FrenchEurpoe,4,37094,160556595
4.33E-07,CentralAmerica,Brazil,5291,196796269,160556595
2.02E-06,CentralAmerica,GermanEurope,15530,114616640,160556595
9.37E-09,CentralAmerica,Tajikistan,7,7641630,160556595
8.09E-08,CentralAmerica,TurkishMiddleEast,567,103089615,160556595
0,ChineseAsia,SpanishSouthAmerica,0,198246902,1347978819
0,ChineseAsia,FrenchWestAfrica,0,304167444,1347978819
0,ChineseAsia,NorthAfrica,0,203829916,1347978819
0,ChineseAsia,ArabicWestAfrica,0,3609543,1347978819
1.86E-05,ChineseAsia,ChineseAsia,2563833,1347978819,1347978819
0,ChineseAsia,GermanEurope,0,114616640,1347978819
0,ChineseAsia,Brazil,0,196796269,1347978819
0,ChineseAsia,SouthernAfrica,0,58410862.36,1347978819
0,ChineseAsia,EastAfrica,0,312744208,1347978819
0,ChineseAsia,AustrailiaNewZealand,0,26382450,1347978819
1.14E-07,ChineseAsia,EasternEurope,4207,293323902,1347978819
0,ChineseAsia,BalkanPeninsula,0,27436867,1347978819
0,ChineseAsia,CentralAmerica,0,160556595,1347978819
0,ChineseAsia,Somalia,0,12053223,1347978819
0,ChineseAsia,Angola,0,23369131,1347978819
0,ChineseAsia,BritishIsles,0,67406592,1347978819
0,ChineseAsia,Caribbean,0,40878080,1347978819
8.40E-08,ChineseAsia,RussianAsia,742,55419091,1347978819
0,ChineseAsia,Melanesia,0,8982274,1347978819
6.42E-07,ChineseAsia,Portugal,1365,10573100,1347978819
0,ChineseAsia,Canada,0,34005274,1347978819
0,ChineseAsia,ItalianEurope,0,66608219,1347978819
0,ChineseAsia,FrenchEurpoe,0,37094,1347978819
0,ChineseAsia,TurkishMiddleEast,0,103089615,1347978819
3.27E-08,ChineseAsia,Korea,371,74145711,1347978819
0,ChineseAsia,USA,0,309413317,1347978819
0,ChineseAsia,NordicCountries,0,32071316,1347978819
0,ChineseAsia,ArabicMiddleEast,0,129306537,1347978819
0,ChineseAsia,IndianSubcontinent,0,1601926753,1347978819
0,ChineseAsia,FrenchEurope,0,76430051,1347978819
0,ChineseAsia,Tajikistan,0,7641630,1347978819
0,ChineseAsia,Spain,0,46576897,1347978819
0,ChineseAsia,Madagascar,0,21151640,1347978819
0,ChineseAsia,PersianMiddleEast,0,103370678,1347978819
1.64E-07,ChineseAsia,SoutheastAsia,11181,595790239,1347978819
0,ChineseAsia,Japan,0,128070000,1347978819
0,ChineseAsia,MiddleAfrica,0,107982268,1347978819
0,EastAfrica,EasternEurope,0,293323902,312744208
0,EastAfrica,Tajikistan,0,7641630,312744208
2.01E-07,EastAfrica,ChineseAsia,16349,1347978819,312744208
4.28E-05,EastAfrica,SouthernAfrica,233867,58410862.36,312744208
4.84E-07,EastAfrica,Canada,1661,34005274,312744208
1.54E-07,EastAfrica,BalkanPeninsula,438,27436867,312744208
1.71E-05,EastAfrica,NorthAfrica,273545,203829916,312744208
0,EastAfrica,ArabicWestAfrica,0,3609543,312744208
6.35E-05,EastAfrica,MiddleAfrica,588575,107982268,312744208
0,EastAfrica,Melanesia,0,8982274,312744208
7.81E-08,EastAfrica,ArabicMiddleEast,845,129306537,312744208
0,EastAfrica,Brazil,0,196796269,312744208
5.77E-06,EastAfrica,BritishIsles,35655,67406592,312744208
1.12E-06,EastAfrica,FrenchEurope,7712,76430051,312744208
5.57E-07,EastAfrica,GermanEurope,5435,114616640,312744208
0.00019639,EastAfrica,Somalia,276144,12053223,312744208
3.65E-08,EastAfrica,Japan,392,128070000,312744208
5.08E-06,EastAfrica,Madagascar,11575,21151640,312744208
5.43E-05,EastAfrica,Portugal,68176,10573100,312744208
0,EastAfrica,Korea,0,74145711,312744208
0.000112346,EastAfrica,EastAfrica,2598306,312744208,312744208
0,EastAfrica,FrenchEurpoe,0,37094,312744208
0,EastAfrica,RussianAsia,0,55419091,312744208
0,EastAfrica,CentralAmerica,0,160556595,312744208
5.77E-07,EastAfrica,NordicCountries,1882,32071316,312744208
3.53E-07,EastAfrica,ItalianEurope,2159,66608219,312744208
6.84E-07,EastAfrica,IndianSubcontinent,64478,1601926753,312744208
0,EastAfrica,Caribbean,0,40878080,312744208
3.13E-07,EastAfrica,AustrailiaNewZealand,864,26382450,312744208
2.66E-07,EastAfrica,USA,6092,309413317,312744208
0,EastAfrica,Spain,0,46576897,312744208
9.90E-07,EastAfrica,FrenchWestAfrica,22350,304167444,312744208
0,EastAfrica,PersianMiddleEast,0,103370678,312744208
4.69E-09,EastAfrica,SoutheastAsia,189,595790239,312744208
3.89E-05,EastAfrica,Angola,96559,23369131,312744208
0,EastAfrica,SpanishSouthAmerica,0,198246902,312744208
0,EastAfrica,TurkishMiddleEast,0,103089615,312744208
3.87E-07,EasternEurope,Caribbean,1519,40878080,293323902
7.54E-06,EasternEurope,FrenchEurope,50727,76430051,293323902
0.000113698,EasternEurope,NordicCountries,362458,32071316,293323902
1.56E-07,EasternEurope,SouthernAfrica,831,58410862.36,293323902
7.30E-06,EasternEurope,BalkanPeninsula,20351,27436867,293323902
1.21E-05,EasternEurope,TurkishMiddleEast,105143,103089615,293323902
9.83E-08,EasternEurope,Somalia,135,12053223,293323902
9.47E-07,EasternEurope,FrenchEurpoe,9,37094,293323902
0.000213282,EasternEurope,ArabicMiddleEast,2255240,129306537,293323902
4.54E-08,EasternEurope,EastAfrica,1025,312744208,293323902
2.61E-07,EasternEurope,Portugal,320,10573100,293323902
8.22E-07,EasternEurope,AustrailiaNewZealand,2216,26382450,293323902
0.000941621,EasternEurope,RussianAsia,4804720,55419091,293323902
0.000549847,EasternEurope,EasternEurope,11759966,293323902,293323902
1.64E-08,EasternEurope,ArabicWestAfrica,8,3609543,293323902
1.07E-07,EasternEurope,Korea,704,74145711,293323902
4.24E-07,EasternEurope,Spain,1861,46576897,293323902
6.38E-08,EasternEurope,FrenchWestAfrica,1407,304167444,293323902
4.69E-08,EasternEurope,Brazil,711,196796269,293323902
1.73E-07,EasternEurope,SpanishSouthAmerica,2639,198246902,293323902
0.000458379,EasternEurope,Tajikistan,425608,7641630,293323902
8.48E-07,EasternEurope,USA,18994,309413317,293323902
9.38E-08,EasternEurope,Japan,984,128070000,293323902
1.16E-07,EasternEurope,Angola,282,23369131,293323902
3.01E-07,EasternEurope,NorthAfrica,4700,203829916,293323902
1.46E-07,EasternEurope,ChineseAsia,11583,1347978819,293323902
5.48E-07,EasternEurope,SoutheastAsia,21562,595790239,293323902
2.31E-07,EasternEurope,PersianMiddleEast,2019,103370678,293323902
1.18E-06,EasternEurope,Canada,3943,34005274,293323902
3.46E-08,EasternEurope,Madagascar,77,21151640,293323902
1.63E-06,EasternEurope,BritishIsles,9835,67406592,293323902
2.83E-06,EasternEurope,ItalianEurope,16890,66608219,293323902
1.85E-05,EasternEurope,GermanEurope,176563,114616640,293323902
1.87E-08,EasternEurope,IndianSubcontinent,1722,1601926753,293323902
4.44E-08,EasternEurope,CentralAmerica,565,160556595,293323902
2.44E-08,EasternEurope,Melanesia,26,8982274,293323902
4.88E-08,EasternEurope,MiddleAfrica,442,107982268,293323902
9.79E-08,FrenchEurope,Tajikistan,56,7641630,76430051
1.50E-05,FrenchEurope,Angola,22370,23369131,76430051
2.22E-06,FrenchEurope,ChineseAsia,108786,1347978819,76430051
4.48E-06,FrenchEurope,USA,61840,309413317,76430051
5.62E-05,FrenchEurope,MiddleAfrica,313804,107982268,76430051
3.01E-05,FrenchEurope,EasternEurope,397100,293323902,76430051
0.000171861,FrenchEurope,ItalianEurope,632976,66608219,76430051
0.001108795,FrenchEurope,Portugal,838765,10573100,76430051
1.55E-06,FrenchEurope,Melanesia,1021,8982274,76430051
4.11E-05,FrenchEurope,Madagascar,56496,21151640,76430051
2.27E-06,FrenchEurope,IndianSubcontinent,128984,1601926753,76430051
6.57E-06,FrenchEurope,PersianMiddleEast,35324,103370678,76430051
6.43E-06,FrenchEurope,Korea,25950,74145711,76430051
9.09E-05,FrenchEurope,FrenchEurope,376651,76430051,76430051
0.000149343,FrenchEurope,Spain,404377,46576897,76430051
9.32E-06,FrenchEurope,SpanishSouthAmerica,87674,198246902,76430051
0.002698242,FrenchEurope,FrenchEurpoe,15800,37094,76430051
2.81E-06,FrenchEurope,Somalia,2381,12053223,76430051
1.15E-05,FrenchEurope,SoutheastAsia,279137,595790239,76430051
0.000238489,FrenchEurope,NorthAfrica,2298336,203829916,76430051
7.46E-05,FrenchEurope,TurkishMiddleEast,399993,103089615,76430051
7.98E-06,FrenchEurope,EastAfrica,111138,312744208,76430051
2.00E-06,FrenchEurope,CentralAmerica,15737,160556595,76430051
9.30E-05,FrenchEurope,GermanEurope,546200,114616640,76430051
5.46E-05,FrenchEurope,BalkanPeninsula,93769,27436867,76430051
4.87E-06,FrenchEurope,AustrailiaNewZealand,8093,26382450,76430051
5.18E-07,FrenchEurope,RussianAsia,1630,55419091,76430051
3.71E-06,FrenchEurope,Brazil,34673,196796269,76430051
4.96E-05,FrenchEurope,ArabicWestAfrica,14874,3609543,76430051
2.35E-06,FrenchEurope,SouthernAfrica,7745,58410862.36,76430051
2.64E-05,FrenchEurope,NordicCountries,51935,32071316,76430051
5.72E-05,FrenchEurope,BritishIsles,212995,67406592,76430051
4.29E-06,FrenchEurope,Japan,27738,128070000,76430051
1.67E-05,FrenchEurope,ArabicMiddleEast,109080,129306537,76430051
2.67E-05,FrenchEurope,FrenchWestAfrica,362782,304167444,76430051
1.21E-05,FrenchEurope,Canada,25066,34005274,76430051
2.15E-05,FrenchEurope,Caribbean,51963,40878080,76430051
0,FrenchEurpoe,Somalia,0,12053223,37094
0,FrenchEurpoe,Melanesia,0,8982274,37094
0,FrenchEurpoe,CentralAmerica,0,160556595,37094
0,FrenchEurpoe,ChineseAsia,0,1347978819,37094
3.77E-05,FrenchEurpoe,FrenchEurope,10014,76430051,37094
0,FrenchEurpoe,Tajikistan,0,7641630,37094
0,FrenchEurpoe,Madagascar,0,21151640,37094
0,FrenchEurpoe,PersianMiddleEast,0,103370678,37094
0,FrenchEurpoe,FrenchWestAfrica,0,304167444,37094
0,FrenchEurpoe,EastAfrica,0,312744208,37094
2.47E-05,FrenchEurpoe,ItalianEurope,5827,66608219,37094
0,FrenchEurpoe,Japan,0,128070000,37094
0,FrenchEurpoe,NorthAfrica,0,203829916,37094
0,FrenchEurpoe,Canada,0,34005274,37094
0,FrenchEurpoe,Spain,0,46576897,37094
0,FrenchEurpoe,Korea,0,74145711,37094
0,FrenchEurpoe,TurkishMiddleEast,0,103089615,37094
6.49E-06,FrenchEurpoe,BritishIsles,1548,67406592,37094
0,FrenchEurpoe,ArabicMiddleEast,0,129306537,37094
0,FrenchEurpoe,SoutheastAsia,0,595790239,37094
0,FrenchEurpoe,FrenchEurpoe,0,37094,37094
4.02E-07,FrenchEurpoe,USA,356,309413317,37094
0,FrenchEurpoe,Portugal,0,10573100,37094
0,FrenchEurpoe,SpanishSouthAmerica,0,198246902,37094
0,FrenchEurpoe,MiddleAfrica,0,107982268,37094
0,FrenchEurpoe,IndianSubcontinent,0,1601926753,37094
0,FrenchEurpoe,EasternEurope,0,293323902,37094
0,FrenchEurpoe,ArabicWestAfrica,0,3609543,37094
0,FrenchEurpoe,Angola,0,23369131,37094
0,FrenchEurpoe,NordicCountries,0,32071316,37094
0,FrenchEurpoe,BalkanPeninsula,0,27436867,37094
0,FrenchEurpoe,AustrailiaNewZealand,0,26382450,37094
0,FrenchEurpoe,SouthernAfrica,0,58410862.36,37094
0,FrenchEurpoe,Caribbean,0,40878080,37094
0,FrenchEurpoe,RussianAsia,0,55419091,37094
0,FrenchEurpoe,Brazil,0,196796269,37094
0,FrenchEurpoe,GermanEurope,0,114616640,37094
7.68E-08,FrenchWestAfrica,ItalianEurope,465,66608219,304167444
0,FrenchWestAfrica,Melanesia,0,8982274,304167444
0,FrenchWestAfrica,SoutheastAsia,0,595790239,304167444
0,FrenchWestAfrica,Tajikistan,0,7641630,304167444
2.31E-07,FrenchWestAfrica,GermanEurope,2234,114616640,304167444
3.98E-07,FrenchWestAfrica,AustrailiaNewZealand,1087,26382450,304167444
4.45E-06,FrenchWestAfrica,FrenchEurope,30333,76430051,304167444
0,FrenchWestAfrica,ChineseAsia,0,1347978819,304167444
0,FrenchWestAfrica,RussianAsia,0,55419091,304167444
0,FrenchWestAfrica,Somalia,0,12053223,304167444
2.31E-08,FrenchWestAfrica,IndianSubcontinent,2151,1601926753,304167444
0,FrenchWestAfrica,CentralAmerica,0,160556595,304167444
8.60E-08,FrenchWestAfrica,Canada,292,34005274,304167444
8.46E-07,FrenchWestAfrica,NorthAfrica,13400,203829916,304167444
1.61E-06,FrenchWestAfrica,Portugal,2005,10573100,304167444
3.12E-08,FrenchWestAfrica,Caribbean,124,40878080,304167444
2.51E-08,FrenchWestAfrica,Brazil,386,196796269,304167444
2.17E-08,FrenchWestAfrica,EasternEurope,470,293323902,304167444
7.80E-06,FrenchWestAfrica,MiddleAfrica,71528,107982268,304167444
0,FrenchWestAfrica,Madagascar,0,21151640,304167444
2.36E-08,FrenchWestAfrica,Spain,105,46576897,304167444
0,FrenchWestAfrica,Korea,0,74145711,304167444
0,FrenchWestAfrica,PersianMiddleEast,0,103370678,304167444
7.21E-08,FrenchWestAfrica,NordicCountries,233,32071316,304167444
0,FrenchWestAfrica,EastAfrica,0,312744208,304167444
0,FrenchWestAfrica,BalkanPeninsula,0,27436867,304167444
1.19E-07,FrenchWestAfrica,USA,2700,309413317,304167444
0,FrenchWestAfrica,SpanishSouthAmerica,0,198246902,304167444
0.000154088,FrenchWestAfrica,ArabicWestAfrica,76050,3609543,304167444
0,FrenchWestAfrica,FrenchEurpoe,0,37094,304167444
9.73E-07,FrenchWestAfrica,Angola,2393,23369131,304167444
1.58E-07,FrenchWestAfrica,BritishIsles,965,67406592,304167444
0,FrenchWestAfrica,TurkishMiddleEast,0,103089615,304167444
0,FrenchWestAfrica,Japan,0,128070000,304167444
0.000261535,FrenchWestAfrica,FrenchWestAfrica,5846930,304167444,304167444
0,FrenchWestAfrica,SouthernAfrica,0,58410862.36,304167444
7.28E-07,FrenchWestAfrica,ArabicMiddleEast,7795,129306537,304167444
1.33E-05,GermanEurope,Angola,23067,23369131,114616640
7.88E-05,GermanEurope,NordicCountries,179012,32071316,114616640
2.73E-05,GermanEurope,RussianAsia,99164,55419091,114616640
2.51E-06,GermanEurope,Tajikistan,1659,7641630,114616640
6.50E-06,GermanEurope,Brazil,70364,196796269,114616640
0.000379221,GermanEurope,ItalianEurope,1616051,66608219,114616640
8.30E-05,GermanEurope,Spain,259956,46576897,114616640
3.88E-05,GermanEurope,FrenchEurpoe,263,37094,114616640
2.86E-05,GermanEurope,Somalia,28015,12053223,114616640
1.64E-05,GermanEurope,Caribbean,45950,40878080,114616640
0.000354875,GermanEurope,Portugal,310612,10573100,114616640
0.000660159,GermanEurope,BalkanPeninsula,1312034,27436867,114616640
7.86E-06,GermanEurope,SouthernAfrica,29906,58410862.36,114616640
4.03E-06,GermanEurope,IndianSubcontinent,264367,1601926753,114616640
9.42E-06,GermanEurope,MiddleAfrica,60792,107982268,114616640
1.41E-06,GermanEurope,Madagascar,2247,21151640,114616640
1.08E-05,GermanEurope,Korea,50397,74145711,114616640
1.79E-05,GermanEurope,SoutheastAsia,503231,595790239,114616640
3.92E-05,GermanEurope,NorthAfrica,437620,203829916,114616640
0.000128935,GermanEurope,EasternEurope,1966162,293323902,114616640
8.86E-05,GermanEurope,FrenchEurope,425192,76430051,114616640
3.22E-05,GermanEurope,ArabicMiddleEast,242570,129306537,114616640
1.06E-06,GermanEurope,Melanesia,806,8982274,114616640
3.47E-06,GermanEurope,ChineseAsia,196621,1347978819,114616640
5.03E-06,GermanEurope,EastAfrica,81077,312744208,114616640
3.77E-06,GermanEurope,ArabicWestAfrica,1310,3609543,114616640
0.000175802,GermanEurope,GermanEurope,1194827,114616640,114616640
1.96E-05,GermanEurope,AustrailiaNewZealand,37664,26382450,114616640
6.06E-05,GermanEurope,BritishIsles,260852,67406592,114616640
3.98E-05,GermanEurope,PersianMiddleEast,247423,103370678,114616640
1.36E-05,GermanEurope,USA,216698,309413317,114616640
0.000534348,GermanEurope,TurkishMiddleEast,3315263,103089615,114616640
1.08E-05,GermanEurope,FrenchWestAfrica,170203,304167444,114616640
8.26E-06,GermanEurope,Japan,61775,128070000,114616640
2.86E-05,GermanEurope,SpanishSouthAmerica,311582,198246902,114616640
3.44E-06,GermanEurope,CentralAmerica,31200,160556595,114616640
1.71E-05,GermanEurope,Canada,40822,34005274,114616640
0,IndianSubcontinent,ArabicWestAfrica,0,3609543,1601926753
0,IndianSubcontinent,CentralAmerica,0,160556595,1601926753
0,IndianSubcontinent,Somalia,0,12053223,1601926753
2.77E-07,IndianSubcontinent,Canada,1709,34005274,1601926753
7.53E-08,IndianSubcontinent,USA,3106,309413317,1601926753
4.95E-08,IndianSubcontinent,NordicCountries,291,32071316,1601926753
6.34E-07,IndianSubcontinent,PersianMiddleEast,10188,103370678,1601926753
0,IndianSubcontinent,NorthAfrica,0,203829916,1601926753
3.30E-10,IndianSubcontinent,EasternEurope,13,293323902,1601926753
1.66E-08,IndianSubcontinent,FrenchWestAfrica,673,304167444,1601926753
7.29E-07,IndianSubcontinent,AustrailiaNewZealand,3618,26382450,1601926753
2.44E-07,IndianSubcontinent,RussianAsia,2296,55419091,1601926753
0,IndianSubcontinent,Korea,0,74145711,1601926753
2.57E-07,IndianSubcontinent,ChineseAsia,37622,1347978819,1601926753
0,IndianSubcontinent,Madagascar,0,21151640,1601926753
0,IndianSubcontinent,Angola,0,23369131,1601926753
3.92E-08,IndianSubcontinent,TurkishMiddleEast,629,103089615,1601926753
4.43E-05,IndianSubcontinent,IndianSubcontinent,7519712,1601926753,1601926753
1.30E-07,IndianSubcontinent,FrenchEurope,1613,76430051,1601926753
9.89E-07,IndianSubcontinent,SoutheastAsia,71680,595790239,1601926753
1.02E-07,IndianSubcontinent,EastAfrica,4235,312744208,1601926753
0,IndianSubcontinent,Spain,0,46576897,1601926753
1.41E-07,IndianSubcontinent,GermanEurope,2478,114616640,1601926753
0,IndianSubcontinent,Caribbean,0,40878080,1601926753
0,IndianSubcontinent,Brazil,0,196796269,1601926753
2.81E-09,IndianSubcontinent,ItalianEurope,31,66608219,1601926753
0,IndianSubcontinent,FrenchEurpoe,0,37094,1601926753
4.92E-07,IndianSubcontinent,BritishIsles,5474,67406592,1601926753
7.16E-08,IndianSubcontinent,Portugal,162,10573100,1601926753
4.84E-08,IndianSubcontinent,Japan,936,128070000,1601926753
0,IndianSubcontinent,SpanishSouthAmerica,0,198246902,1601926753
1.20E-06,IndianSubcontinent,ArabicMiddleEast,23455,129306537,1601926753
0,IndianSubcontinent,MiddleAfrica,0,107982268,1601926753
5.85E-10,IndianSubcontinent,Tajikistan,1,7641630,1601926753
0,IndianSubcontinent,BalkanPeninsula,0,27436867,1601926753
9.10E-08,IndianSubcontinent,Melanesia,179,8982274,1601926753
0,IndianSubcontinent,SouthernAfrica,0,58410862.36,1601926753
1.86E-06,ItalianEurope,Canada,3649,34005274,66608219
1.94E-05,ItalianEurope,Caribbean,44710,40878080,66608219
1.49E-06,ItalianEurope,Angola,2121,23369131,66608219
4.22E-08,ItalianEurope,Tajikistan,23,7641630,66608219
8.75E-06,ItalianEurope,Portugal,6296,10573100,66608219
4.38E-06,ItalianEurope,ChineseAsia,204129,1347978819,66608219
2.61E-06,ItalianEurope,AustrailiaNewZealand,4133,26382450,66608219
4.04E-06,ItalianEurope,ArabicMiddleEast,25070,129306537,66608219
8.76E-06,ItalianEurope,Spain,22565,46576897,66608219
0.000496041,ItalianEurope,BalkanPeninsula,810877,27436867,66608219
0.000103188,ItalianEurope,EasternEurope,1294254,293323902,66608219
0.000157602,ItalianEurope,ItalianEurope,552417,66608219,66608219
1.58E-05,ItalianEurope,GermanEurope,88281,114616640,66608219
2.58E-06,ItalianEurope,ArabicWestAfrica,737,3609543,66608219
1.36E-06,ItalianEurope,Korea,5245,74145711,66608219
9.79E-07,ItalianEurope,Madagascar,1279,21151640,66608219
1.01E-05,ItalianEurope,Somalia,8110,12053223,66608219
2.03E-06,ItalianEurope,PersianMiddleEast,10371,103370678,66608219
9.88E-07,ItalianEurope,RussianAsia,2955,55419091,66608219
2.10E-06,ItalianEurope,CentralAmerica,15657,160556595,66608219
1.23E-05,ItalianEurope,FrenchEurope,48514,76430051,66608219
4.18E-06,ItalianEurope,TurkishMiddleEast,21308,103089615,66608219
2.77E-06,ItalianEurope,MiddleAfrica,14729,107982268,66608219
1.86E-05,ItalianEurope,FrenchWestAfrica,241125,304167444,66608219
1.27E-05,ItalianEurope,NordicCountries,23777,32071316,66608219
6.90E-07,ItalianEurope,SouthernAfrica,2160,58410862.36,66608219
5.86E-06,ItalianEurope,IndianSubcontinent,316744,1601926753,66608219
1.57E-06,ItalianEurope,USA,20584,309413317,66608219
6.38E-06,ItalianEurope,SoutheastAsia,147091,595790239,66608219
2.11E-07,ItalianEurope,Melanesia,132,8982274,66608219
7.87E-05,ItalianEurope,NorthAfrica,722145,203829916,66608219
7.90E-06,ItalianEurope,FrenchEurpoe,44,37094,66608219
1.07E-05,ItalianEurope,BritishIsles,37946,67406592,66608219
3.91E-06,ItalianEurope,EastAfrica,51767,312744208,66608219
2.79E-05,ItalianEurope,SpanishSouthAmerica,249716,198246902,66608219
1.49E-06,ItalianEurope,Japan,9180,128070000,66608219
5.54E-06,ItalianEurope,Brazil,49340,196796269,66608219
3.70E-07,Japan,Melanesia,293,8982274,128070000
0,Japan,FrenchEurpoe,0,37094,128070000
1.25E-06,Japan,GermanEurope,8824,114616640,128070000
3.86E-07,Japan,TurkishMiddleEast,2495,103089615,128070000
2.59E-07,Japan,ArabicMiddleEast,2029,129306537,128070000
9.08E-07,Japan,EasternEurope,14415,293323902,128070000
1.68E-07,Japan,SouthernAfrica,667,58410862.36,128070000
1.22E-07,Japan,EastAfrica,2052,312744208,128070000
3.27E-07,Japan,FrenchWestAfrica,5358,304167444,128070000
4.37E-07,Japan,Caribbean,1275,40878080,128070000
2.94E-09,Japan,Somalia,3,12053223,128070000
9.17E-07,Japan,PersianMiddleEast,5935,103370678,128070000
6.86E-06,Japan,SpanishSouthAmerica,77761,198246902,128070000
5.44E-07,Japan,Spain,1775,46576897,128070000
3.16E-06,Japan,USA,52449,309413317,128070000
2.85E-05,Japan,Brazil,320624,196796269,128070000
4.98E-08,Japan,ArabicWestAfrica,18,3609543,128070000
1.93E-06,Japan,FrenchEurope,9610,76430051,128070000
4.90E-07,Japan,Portugal,446,10573100,128070000
3.88E-09,Japan,Angola,7,23369131,128070000
1.14E-05,Japan,SoutheastAsia,332502,595790239,128070000
3.05E-08,Japan,Tajikistan,21,7641630,128070000
8.99E-08,Japan,MiddleAfrica,604,107982268,128070000
0,Japan,Japan,0,128070000,128070000
2.56E-07,Japan,RussianAsia,969,55419091,128070000
2.81E-07,Japan,CentralAmerica,2655,160556595,128070000
1.05E-05,Japan,ChineseAsia,618267,1347978819,128070000
2.84E-08,Japan,Madagascar,47,21151640,128070000
4.16E-06,Japan,BritishIsles,18652,67406592,128070000
5.76E-07,Japan,ItalianEurope,2553,66608219,128070000
4.66E-06,Japan,Canada,11591,34005274,128070000
2.44E-07,Japan,NorthAfrica,2837,203829916,128070000
8.79E-07,Japan,IndianSubcontinent,60040,1601926753,128070000
2.32E-07,Japan,BalkanPeninsula,479,27436867,128070000
0.000123435,Japan,Korea,600336,74145711,128070000
7.40E-06,Japan,AustrailiaNewZealand,14805,26382450,128070000
1.44E-06,Japan,NordicCountries,3405,32071316,128070000
4.25E-06,Korea,Canada,8683,34005274,74145711
0,Korea,Portugal,0,10573100,74145711
0,Korea,NorthAfrica,0,203829916,74145711
0,Korea,Melanesia,0,8982274,74145711
0,Korea,FrenchWestAfrica,0,304167444,74145711
4.39E-07,Korea,IndianSubcontinent,24617,1601926753,74145711
1.93E-06,Korea,Japan,12320,128070000,74145711
4.89E-06,Korea,SoutheastAsia,117144,595790239,74145711
0,Korea,EastAfrica,0,312744208,74145711
6.03E-07,Korea,BritishIsles,2221,67406592,74145711
0,Korea,SpanishSouthAmerica,0,198246902,74145711
1.82E-07,Korea,EasternEurope,2370,293323902,74145711
0,Korea,ArabicMiddleEast,0,129306537,74145711
0,Korea,Korea,0,74145711,74145711
0,Korea,ItalianEurope,0,66608219,74145711
0,Korea,SouthernAfrica,0,58410862.36,74145711
0,Korea,ArabicWestAfrica,0,3609543,74145711
0,Korea,Spain,0,46576897,74145711
6.10E-06,Korea,ChineseAsia,295367,1347978819,74145711
0,Korea,MiddleAfrica,0,107982268,74145711
0,Korea,TurkishMiddleEast,0,103089615,74145711
0,Korea,Madagascar,0,21151640,74145711
0,Korea,Tajikistan,0,7641630,74145711
0,Korea,PersianMiddleEast,0,103370678,74145711
0,Korea,CentralAmerica,0,160556595,74145711
0,Korea,Brazil,0,196796269,74145711
0,Korea,FrenchEurpoe,0,37094,74145711
2.27E-06,Korea,AustrailiaNewZealand,3722,26382450,74145711
2.69E-06,Korea,RussianAsia,8362,55419091,74145711
0,Korea,Caribbean,0,40878080,74145711
0,Korea,NordicCountries,0,32071316,74145711
2.18E-07,Korea,GermanEurope,1266,114616640,74145711
3.12E-07,Korea,FrenchEurope,1278,76430051,74145711
2.50E-06,Korea,USA,34147,309413317,74145711
0,Korea,BalkanPeninsula,0,27436867,74145711
0,Korea,Angola,0,23369131,74145711
0,Korea,Somalia,0,12053223,74145711
0,Madagascar,SouthernAfrica,0,58410862.36,21151640
0,Madagascar,Somalia,0,12053223,21151640
0,Madagascar,ArabicWestAfrica,0,3609543,21151640
2.40E-08,Madagascar,Korea,61,74145711,21151640
4.77E-06,Madagascar,FrenchEurope,12460,76430051,21151640
0,Madagascar,Portugal,0,10573100,21151640
2.02E-09,Madagascar,RussianAsia,4,55419091,21151640
8.28E-08,Madagascar,BritishIsles,194,67406592,21151640
1.38E-07,Madagascar,GermanEurope,509,114616640,21151640
5.04E-09,Madagascar,SoutheastAsia,77,595790239,21151640
2.26E-07,Madagascar,IndianSubcontinent,8091,1601926753,21151640
0,Madagascar,SpanishSouthAmerica,0,198246902,21151640
0,Madagascar,Brazil,0,196796269,21151640
1.60E-08,Madagascar,Japan,65,128070000,21151640
0,Madagascar,FrenchWestAfrica,0,304167444,21151640
8.07E-07,Madagascar,EastAfrica,7079,312744208,21151640
0,Madagascar,PersianMiddleEast,0,103370678,21151640
6.10E-07,Madagascar,NorthAfrica,3699,203829916,21151640
0,Madagascar,CentralAmerica,0,160556595,21151640
0,Madagascar,BalkanPeninsula,0,27436867,21151640
0,Madagascar,FrenchEurpoe,0,37094,21151640
2.62E-09,Madagascar,Caribbean,4,40878080,21151640
1.98E-08,Madagascar,EasternEurope,164,293323902,21151640
0,Madagascar,AustrailiaNewZealand,0,26382450,21151640
0,Madagascar,Angola,0,23369131,21151640
1.24E-07,Madagascar,ItalianEurope,288,66608219,21151640
1.02E-07,Madagascar,Canada,133,34005274,21151640
0,Madagascar,Spain,0,46576897,21151640
0,Madagascar,TurkishMiddleEast,0,103089615,21151640
1.11E-07,Madagascar,ChineseAsia,3417,1347978819,21151640
0,Madagascar,Madagascar,0,21151640,21151640
2.38E-08,Madagascar,USA,207,309413317,21151640
0,Madagascar,Tajikistan,0,7641630,21151640
0,Madagascar,NordicCountries,0,32071316,21151640
0,Madagascar,Melanesia,0,8982274,21151640
0,Madagascar,MiddleAfrica,0,107982268,21151640
0,Madagascar,ArabicMiddleEast,0,129306537,21151640
0,Melanesia,Portugal,0,10573100,8982274
0,Melanesia,EasternEurope,0,293323902,8982274
0,Melanesia,MiddleAfrica,0,107982268,8982274
1.59E-07,Melanesia,USA,1014,309413317,8982274
0,Melanesia,Tajikistan,0,7641630,8982274
0,Melanesia,NordicCountries,0,32071316,8982274
9.07E-08,Melanesia,FrenchEurope,174,76430051,8982274
3.03E-07,Melanesia,SoutheastAsia,3403,595790239,8982274
0,Melanesia,Canada,0,34005274,8982274
2.75E-05,Melanesia,AustrailiaNewZealand,21123,26382450,8982274
0,Melanesia,NorthAfrica,0,203829916,8982274
2.20E-06,Melanesia,BritishIsles,3786,67406592,8982274
3.53E-08,Melanesia,Korea,66,74145711,8982274
0,Melanesia,Brazil,0,196796269,8982274
0,Melanesia,Somalia,0,12053223,8982274
0,Melanesia,EastAfrica,0,312744208,8982274
0,Melanesia,CentralAmerica,0,160556595,8982274
3.87E-07,Melanesia,GermanEurope,1053,114616640,8982274
2.22E-07,Melanesia,IndianSubcontinent,5833,1601926753,8982274
0,Melanesia,Spain,0,46576897,8982274
0,Melanesia,RussianAsia,0,55419091,8982274
0,Melanesia,ArabicWestAfrica,0,3609543,8982274
0,Melanesia,PersianMiddleEast,0,103370678,8982274
0,Melanesia,FrenchWestAfrica,0,304167444,8982274
0,Melanesia,TurkishMiddleEast,0,103089615,8982274
3.38E-08,Melanesia,ChineseAsia,764,1347978819,8982274
0,Melanesia,SouthernAfrica,0,58410862.36,8982274
0,Melanesia,Caribbean,0,40878080,8982274
0,Melanesia,ArabicMiddleEast,0,129306537,8982274
0,Melanesia,FrenchEurpoe,0,37094,8982274
0,Melanesia,Madagascar,0,21151640,8982274
0,Melanesia,ItalianEurope,0,66608219,8982274
1.15E-07,Melanesia,Japan,343,128070000,8982274
0,Melanesia,Angola,0,23369131,8982274
0,Melanesia,BalkanPeninsula,0,27436867,8982274
0,Melanesia,SpanishSouthAmerica,0,198246902,8982274
0.000101903,Melanesia,Melanesia,30997,8982274,8982274
3.28E-08,MiddleAfrica,Caribbean,90,40878080,107982268
1.46E-08,MiddleAfrica,EastAfrica,230,312744208,107982268
0,MiddleAfrica,Korea,0,74145711,107982268
0,MiddleAfrica,IndianSubcontinent,0,1601926753,107982268
1.34E-06,MiddleAfrica,Portugal,1150,10573100,107982268
0,MiddleAfrica,TurkishMiddleEast,0,103089615,107982268
7.36E-06,MiddleAfrica,Angola,12478,23369131,107982268
1.89E-07,MiddleAfrica,Canada,443,34005274,107982268
2.79E-07,MiddleAfrica,Spain,855,46576897,107982268
8.54E-09,MiddleAfrica,BritishIsles,36,67406592,107982268
1.80E-08,MiddleAfrica,Madagascar,28,21151640,107982268
2.68E-10,MiddleAfrica,SouthernAfrica,1,58410862.36,107982268
0,MiddleAfrica,SoutheastAsia,0,595790239,107982268
0,MiddleAfrica,FrenchEurpoe,0,37094,107982268
3.43E-08,MiddleAfrica,ChineseAsia,1901,1347978819,107982268
2.99E-08,MiddleAfrica,USA,467,309413317,107982268
7.79E-05,MiddleAfrica,MiddleAfrica,492002,107982268,107982268
0,MiddleAfrica,SpanishSouthAmerica,0,198246902,107982268
2.62E-08,MiddleAfrica,GermanEurope,174,114616640,107982268
0,MiddleAfrica,CentralAmerica,0,160556595,107982268
0,MiddleAfrica,PersianMiddleEast,0,103370678,107982268
0,MiddleAfrica,Melanesia,0,8982274,107982268
0,MiddleAfrica,Brazil,0,196796269,107982268
2.46E-05,MiddleAfrica,FrenchWestAfrica,378380,304167444,107982268
3.72E-06,MiddleAfrica,ArabicWestAfrica,1266,3609543,107982268
0,MiddleAfrica,BalkanPeninsula,0,27436867,107982268
0,MiddleAfrica,ItalianEurope,0,66608219,107982268
1.21E-08,MiddleAfrica,NordicCountries,27,32071316,107982268
4.73E-06,MiddleAfrica,NorthAfrica,51622,203829916,107982268
0,MiddleAfrica,Japan,0,128070000,107982268
1.25E-08,MiddleAfrica,Somalia,12,12053223,107982268
8.17E-06,MiddleAfrica,FrenchEurope,38343,76430051,107982268
6.83E-08,MiddleAfrica,ArabicMiddleEast,504,129306537,107982268
2.31E-08,MiddleAfrica,Tajikistan,15,7641630,107982268
5.13E-08,MiddleAfrica,EasternEurope,766,293323902,107982268
3.88E-08,MiddleAfrica,RussianAsia,138,55419091,107982268
0,MiddleAfrica,AustrailiaNewZealand,0,26382450,107982268
1.06E-06,NordicCountries,Angola,1157,23369131,32071316
6.79E-07,NordicCountries,Madagascar,682,21151640,32071316
2.26E-06,NordicCountries,SouthernAfrica,5429,58410862.36,32071316
1.13E-05,NordicCountries,ItalianEurope,30486,66608219,32071316
1.58E-06,NordicCountries,Japan,7474,128070000,32071316
0.000391964,NordicCountries,NordicCountries,563260,32071316,32071316
8.35E-06,NordicCountries,FrenchEurope,25310,76430051,32071316
8.22E-06,NordicCountries,AustrailiaNewZealand,9987,26382450,32071316
2.07E-05,NordicCountries,RussianAsia,47569,55419091,32071316
4.57E-06,NordicCountries,EastAfrica,46582,312744208,32071316
9.71E-07,NordicCountries,MiddleAfrica,3965,107982268,32071316
5.89E-06,NordicCountries,NorthAfrica,41490,203829916,32071316
2.64E-06,NordicCountries,IndianSubcontinent,109793,1601926753,32071316
2.08E-06,NordicCountries,FrenchWestAfrica,20665,304167444,32071316
1.18E-06,NordicCountries,ChineseAsia,42240,1347978819,32071316
7.96E-06,NordicCountries,Canada,12025,34005274,32071316
2.20E-05,NordicCountries,ArabicMiddleEast,104800,129306537,32071316
3.07E-05,NordicCountries,PersianMiddleEast,120852,103370678,32071316
7.89E-05,NordicCountries,EasternEurope,760780,293323902,32071316
6.50E-05,NordicCountries,TurkishMiddleEast,255127,103089615,32071316
1.06E-05,NordicCountries,Korea,31405,74145711,32071316
0.000100853,NordicCountries,BalkanPeninsula,126724,27436867,32071316
1.46E-06,NordicCountries,Brazil,10014,196796269,32071316
1.25E-05,NordicCountries,SpanishSouthAmerica,86348,198246902,32071316
8.57E-05,NordicCountries,Somalia,53109,12053223,32071316
7.63E-06,NordicCountries,Spain,15104,46576897,32071316
3.60E-07,NordicCountries,ArabicWestAfrica,79,3609543,32071316
1.04E-05,NordicCountries,Portugal,5754,10573100,32071316
1.10E-05,NordicCountries,FrenchEurpoe,47,37094,32071316
4.68E-07,NordicCountries,Melanesia,225,8982274,32071316
7.70E-06,NordicCountries,SoutheastAsia,136463,595790239,32071316
1.87E-06,NordicCountries,CentralAmerica,10721,160556595,32071316
2.44E-05,NordicCountries,BritishIsles,66491,67406592,32071316
3.51E-05,NordicCountries,GermanEurope,150744,114616640,32071316
3.80E-06,NordicCountries,Caribbean,6735,40878080,32071316
5.81E-06,NordicCountries,USA,58685,309413317,32071316
9.76E-06,NordicCountries,Tajikistan,4085,7641630,32071316
2.07E-05,NorthAfrica,ArabicMiddleEast,191718,129306537,203829916
1.61E-07,NorthAfrica,EasternEurope,3014,293323902,203829916
2.29E-08,NorthAfrica,ChineseAsia,1594,1347978819,203829916
3.88E-05,NorthAfrica,NorthAfrica,531665,203829916,203829916
0,NorthAfrica,FrenchEurpoe,0,37094,203829916
3.60E-07,NorthAfrica,ArabicWestAfrica,154,3609543,203829916
2.06E-08,NorthAfrica,USA,405,309413317,203829916
0,NorthAfrica,SpanishSouthAmerica,0,198246902,203829916
1.10E-07,NorthAfrica,AustrailiaNewZealand,260,26382450,203829916
0,NorthAfrica,Madagascar,0,21151640,203829916
4.33E-08,NorthAfrica,Korea,249,74145711,203829916
1.89E-07,NorthAfrica,NordicCountries,528,32071316,203829916
4.78E-08,NorthAfrica,SouthernAfrica,224,58410862.36,203829916
1.97E-06,NorthAfrica,FrenchWestAfrica,38131,304167444,203829916
0,NorthAfrica,Caribbean,0,40878080,203829916
3.78E-08,NorthAfrica,Japan,348,128070000,203829916
0,NorthAfrica,Portugal,0,10573100,203829916
3.17E-06,NorthAfrica,TurkishMiddleEast,24224,103089615,203829916
0,NorthAfrica,CentralAmerica,0,160556595,203829916
0,NorthAfrica,Angola,0,23369131,203829916
0,NorthAfrica,PersianMiddleEast,0,103370678,203829916
3.36E-07,NorthAfrica,Canada,988,34005274,203829916
4.83E-07,NorthAfrica,GermanEurope,4041,114616640,203829916
6.51E-08,NorthAfrica,Spain,251,46576897,203829916
7.96E-08,NorthAfrica,IndianSubcontinent,6431,1601926753,203829916
0,NorthAfrica,Tajikistan,0,7641630,203829916
6.23E-08,NorthAfrica,RussianAsia,279,55419091,203829916
0,NorthAfrica,Melanesia,0,8982274,203829916
9.41E-07,NorthAfrica,FrenchEurope,5551,76430051,203829916
7.49E-06,NorthAfrica,MiddleAfrica,59468,107982268,203829916
1.06E-07,NorthAfrica,BritishIsles,561,67406592,203829916
3.10E-05,NorthAfrica,EastAfrica,614231,312744208,203829916
0,NorthAfrica,Brazil,0,196796269,203829916
3.20E-05,NorthAfrica,Somalia,38531,12053223,203829916
3.71E-07,NorthAfrica,BalkanPeninsula,908,27436867,203829916
7.17E-07,NorthAfrica,ItalianEurope,3757,66608219,203829916
2.62E-07,NorthAfrica,SoutheastAsia,9042,595790239,203829916
0,PersianMiddleEast,EasternEurope,0,293323902,103370678
0,PersianMiddleEast,CentralAmerica,0,160556595,103370678
0,PersianMiddleEast,FrenchEurope,0,76430051,103370678
0,PersianMiddleEast,NordicCountries,0,32071316,103370678
0,PersianMiddleEast,Brazil,0,196796269,103370678
0,PersianMiddleEast,Canada,0,34005274,103370678
1.63E-07,PersianMiddleEast,RussianAsia,570,55419091,103370678
0,PersianMiddleEast,EastAfrica,0,312744208,103370678
0,PersianMiddleEast,FrenchWestAfrica,0,304167444,103370678
6.37E-05,PersianMiddleEast,TurkishMiddleEast,380926,103089615,103370678
0,PersianMiddleEast,AustrailiaNewZealand,0,26382450,103370678
0,PersianMiddleEast,BritishIsles,0,67406592,103370678
0,PersianMiddleEast,MiddleAfrica,0,107982268,103370678
0,PersianMiddleEast,Japan,0,128070000,103370678
0,PersianMiddleEast,Korea,0,74145711,103370678
2.96E-07,PersianMiddleEast,IndianSubcontinent,18720,1601926753,103370678
0,PersianMiddleEast,USA,0,309413317,103370678
0,PersianMiddleEast,FrenchEurpoe,0,37094,103370678
0.000284417,PersianMiddleEast,PersianMiddleEast,1704199,103370678,103370678
4.86E-07,PersianMiddleEast,ArabicMiddleEast,3530,129306537,103370678
0,PersianMiddleEast,Portugal,0,10573100,103370678
0,PersianMiddleEast,Tajikistan,0,7641630,103370678
0,PersianMiddleEast,SouthernAfrica,0,58410862.36,103370678
0,PersianMiddleEast,Madagascar,0,21151640,103370678
0,PersianMiddleEast,Spain,0,46576897,103370678
0,PersianMiddleEast,ItalianEurope,0,66608219,103370678
0,PersianMiddleEast,SoutheastAsia,0,595790239,103370678
0,PersianMiddleEast,BalkanPeninsula,0,27436867,103370678
0,PersianMiddleEast,Caribbean,0,40878080,103370678
0,PersianMiddleEast,ChineseAsia,0,1347978819,103370678
0,PersianMiddleEast,Somalia,0,12053223,103370678
0,PersianMiddleEast,Angola,0,23369131,103370678
0,PersianMiddleEast,NorthAfrica,0,203829916,103370678
0,PersianMiddleEast,SpanishSouthAmerica,0,198246902,103370678
0,PersianMiddleEast,ArabicWestAfrica,0,3609543,103370678
0,PersianMiddleEast,GermanEurope,0,114616640,103370678
0,PersianMiddleEast,Melanesia,0,8982274,103370678
1.24E-08,Portugal,Melanesia,4,8982274,10573100
1.61E-05,Portugal,EastAfrica,110266,312744208,10573100
6.63E-07,Portugal,Caribbean,787,40878080,10573100
0,Portugal,FrenchEurpoe,0,37094,10573100
1.25E-07,Portugal,Japan,395,128070000,10573100
1.57E-06,Portugal,USA,10619,309413317,10573100
9.78E-08,Portugal,PersianMiddleEast,258,103370678,10573100
8.38E-06,Portugal,MiddleAfrica,22930,107982268,10573100
3.26E-07,Portugal,SoutheastAsia,3882,595790239,10573100
7.04E-05,Portugal,FrenchEurope,143087,76430051,10573100
1.60E-07,Portugal,CentralAmerica,617,160556595,10573100
2.15E-06,Portugal,AustrailiaNewZealand,1749,26382450,10573100
0,Portugal,Portugal,0,10573100,10573100
3.20E-06,Portugal,NordicCountries,3081,32071316,10573100
1.53E-05,Portugal,Brazil,70350,196796269,10573100
1.48E-05,Portugal,Spain,19693,46576897,10573100
1.01E-05,Portugal,SouthernAfrica,16259,58410862.36,10573100
1.43E-05,Portugal,FrenchWestAfrica,95634,304167444,10573100
3.09E-07,Portugal,ChineseAsia,7426,1347978819,10573100
8.19E-06,Portugal,BritishIsles,14949,67406592,10573100
1.10E-06,Portugal,BalkanPeninsula,925,27436867,10573100
2.99E-07,Portugal,ArabicWestAfrica,44,3609543,10573100
1.08E-07,Portugal,RussianAsia,166,55419091,10573100
7.52E-06,Portugal,SpanishSouthAmerica,34704,198246902,10573100
5.65E-08,Portugal,Korea,112,74145711,10573100
5.16E-07,Portugal,NorthAfrica,2438,203829916,10573100
1.63E-06,Portugal,ItalianEurope,2950,66608219,10573100
3.56E-09,Portugal,Tajikistan,1,7641630,10573100
3.96E-07,Portugal,IndianSubcontinent,11020,1601926753,10573100
0.000334635,Portugal,Angola,245650,23369131,10573100
4.50E-06,Portugal,EasternEurope,29071,293323902,10573100
1.02E-05,Portugal,Canada,10330,34005274,10573100
1.93E-08,Portugal,Somalia,8,12053223,10573100
7.57E-08,Portugal,Madagascar,51,21151640,10573100
2.00E-05,Portugal,GermanEurope,57568,114616640,10573100
8.63E-08,Portugal,TurkishMiddleEast,227,103089615,10573100
2.39E-07,Portugal,ArabicMiddleEast,764,129306537,10573100
0,RussianAsia,FrenchEurope,0,76430051,55419091
0,RussianAsia,Japan,0,128070000,55419091
0,RussianAsia,Portugal,0,10573100,55419091
0,RussianAsia,FrenchEurpoe,0,37094,55419091
0,RussianAsia,Spain,0,46576897,55419091
0,RussianAsia,Korea,0,74145711,55419091
0,RussianAsia,SpanishSouthAmerica,0,198246902,55419091
3.01E-07,RussianAsia,PersianMiddleEast,1442,103370678,55419091
0,RussianAsia,USA,0,309413317,55419091
0,RussianAsia,FrenchWestAfrica,0,304167444,55419091
0,RussianAsia,NorthAfrica,0,203829916,55419091
0,RussianAsia,MiddleAfrica,0,107982268,55419091
0.000269169,RussianAsia,EasternEurope,3159807,293323902,55419091
0,RussianAsia,AustrailiaNewZealand,0,26382450,55419091
3.99E-08,RussianAsia,ChineseAsia,1740,1347978819,55419091
8.91E-06,RussianAsia,TurkishMiddleEast,42577,103089615,55419091
0,RussianAsia,EastAfrica,0,312744208,55419091
0,RussianAsia,Caribbean,0,40878080,55419091
0,RussianAsia,CentralAmerica,0,160556595,55419091
1.10E-05,RussianAsia,ArabicMiddleEast,64056,129306537,55419091
0,RussianAsia,Madagascar,0,21151640,55419091
0,RussianAsia,Canada,0,34005274,55419091
0,RussianAsia,BritishIsles,0,67406592,55419091
3.04E-06,RussianAsia,NordicCountries,5319,32071316,55419091
0,RussianAsia,IndianSubcontinent,0,1601926753,55419091
0,RussianAsia,Melanesia,0,8982274,55419091
0,RussianAsia,Somalia,0,12053223,55419091
0.000484596,RussianAsia,Tajikistan,246966,7641630,55419091
3.42E-05,RussianAsia,GermanEurope,178791,114616640,55419091
0,RussianAsia,ArabicWestAfrica,0,3609543,55419091
0,RussianAsia,Brazil,0,196796269,55419091
0,RussianAsia,Angola,0,23369131,55419091
0.000213459,RussianAsia,RussianAsia,597833,55419091,55419091
0,RussianAsia,ItalianEurope,0,66608219,55419091
0,RussianAsia,SoutheastAsia,0,595790239,55419091
4.13E-06,RussianAsia,BalkanPeninsula,6313,27436867,55419091
0,RussianAsia,SouthernAfrica,0,58410862.36,55419091
0,Somalia,IndianSubcontinent,0,1601926753,12053223
0,Somalia,Canada,0,34005274,12053223
0,Somalia,FrenchEurope,0,76430051,12053223
0,Somalia,BritishIsles,0,67406592,12053223
0,Somalia,NordicCountries,0,32071316,12053223
0,Somalia,CentralAmerica,0,160556595,12053223
0,Somalia,ChineseAsia,0,1347978819,12053223
0,Somalia,Portugal,0,10573100,12053223
0,Somalia,Madagascar,0,21151640,12053223
0,Somalia,AustrailiaNewZealand,0,26382450,12053223
0,Somalia,TurkishMiddleEast,0,103089615,12053223
0,Somalia,ItalianEurope,0,66608219,12053223
0,Somalia,ArabicWestAfrica,0,3609543,12053223
0,Somalia,USA,0,309413317,12053223
0,Somalia,PersianMiddleEast,0,103370678,12053223
0,Somalia,Tajikistan,0,7641630,12053223
0,Somalia,FrenchEurpoe,0,37094,12053223
0,Somalia,FrenchWestAfrica,0,304167444,12053223
0,Somalia,Caribbean,0,40878080,12053223
0,Somalia,EastAfrica,0,312744208,12053223
0,Somalia,RussianAsia,0,55419091,12053223
0,Somalia,Brazil,0,196796269,12053223
0,Somalia,Korea,0,74145711,12053223
0,Somalia,SpanishSouthAmerica,0,198246902,12053223
0,Somalia,SoutheastAsia,0,595790239,12053223
0,Somalia,SouthernAfrica,0,58410862.36,12053223
0,Somalia,Spain,0,46576897,12053223
0,Somalia,Angola,0,23369131,12053223
0,Somalia,Melanesia,0,8982274,12053223
0,Somalia,GermanEurope,0,114616640,12053223
0,Somalia,Somalia,0,12053223,12053223
0,Somalia,Japan,0,128070000,12053223
0,Somalia,ArabicMiddleEast,0,129306537,12053223
0,Somalia,MiddleAfrica,0,107982268,12053223
0,Somalia,BalkanPeninsula,0,27436867,12053223
0,Somalia,NorthAfrica,0,203829916,12053223
0,Somalia,EasternEurope,0,293323902,12053223
7.82E-05,SoutheastAsia,SoutheastAsia,3969085,595790239,595790239
2.49E-08,SoutheastAsia,FrenchWestAfrica,710,304167444,595790239
0,SoutheastAsia,MiddleAfrica,0,107982268,595790239
7.18E-06,SoutheastAsia,AustrailiaNewZealand,24984,26382450,595790239
1.24E-07,SoutheastAsia,SpanishSouthAmerica,2445,198246902,595790239
1.15E-05,SoutheastAsia,ChineseAsia,1177235,1347978819,595790239
1.66E-08,SoutheastAsia,EastAfrica,485,312744208,595790239
8.48E-08,SoutheastAsia,BalkanPeninsula,305,27436867,595790239
7.54E-07,SoutheastAsia,Korea,6382,74145711,595790239
2.64E-07,SoutheastAsia,Brazil,5162,196796269,595790239
7.36E-07,SoutheastAsia,FrenchEurope,6394,76430051,595790239
5.19E-06,SoutheastAsia,IndianSubcontinent,617222,1601926753,595790239
7.32E-08,SoutheastAsia,EasternEurope,2021,293323902,595790239
0,SoutheastAsia,ArabicWestAfrica,0,3609543,595790239
1.42E-06,SoutheastAsia,Canada,6134,34005274,595790239
7.73E-08,SoutheastAsia,NorthAfrica,1560,203829916,595790239
1.00E-06,SoutheastAsia,Angola,3141,23369131,595790239
2.76E-09,SoutheastAsia,TurkishMiddleEast,31,103089615,595790239
3.04E-07,SoutheastAsia,Portugal,482,10573100,595790239
1.67E-09,SoutheastAsia,Tajikistan,2,7641630,595790239
4.04E-06,SoutheastAsia,Japan,54641,128070000,595790239
1.94E-07,SoutheastAsia,PersianMiddleEast,2188,103370678,595790239
9.63E-06,SoutheastAsia,BritishIsles,75020,67406592,595790239
1.31E-06,SoutheastAsia,GermanEurope,16138,114616640,595790239
0,SoutheastAsia,Somalia,0,12053223,595790239
2.37E-06,SoutheastAsia,USA,68404,309413317,595790239
1.72E-06,SoutheastAsia,Caribbean,8710,40878080,595790239
3.80E-09,SoutheastAsia,RussianAsia,25,55419091,595790239
2.03E-06,SoutheastAsia,NordicCountries,8364,32071316,595790239
4.95E-07,SoutheastAsia,ItalianEurope,3821,66608219,595790239
4.17E-08,SoutheastAsia,CentralAmerica,685,160556595,595790239
0,SoutheastAsia,Madagascar,0,21151640,595790239
0,SoutheastAsia,SouthernAfrica,0,58410862.36,595790239
1.83E-08,SoutheastAsia,Spain,104,46576897,595790239
9.06E-07,SoutheastAsia,ArabicMiddleEast,12361,129306537,595790239
1.24E-05,SoutheastAsia,FrenchEurpoe,152,37094,595790239
3.81E-07,SoutheastAsia,Melanesia,525,8982274,595790239
0,SouthernAfrica,Brazil,0,196796269,58410862.36
0,SouthernAfrica,BalkanPeninsula,0,27436867,58410862.36
0,SouthernAfrica,ItalianEurope,0,66608219,58410862.36
0,SouthernAfrica,NorthAfrica,0,203829916,58410862.36
0,SouthernAfrica,NordicCountries,0,32071316,58410862.36
0,SouthernAfrica,BritishIsles,0,67406592,58410862.36
0,SouthernAfrica,Melanesia,0,8982274,58410862.36
0,SouthernAfrica,SoutheastAsia,0,595790239,58410862.36
0,SouthernAfrica,USA,0,309413317,58410862.36
0,SouthernAfrica,TurkishMiddleEast,0,103089615,58410862.36
0,SouthernAfrica,CentralAmerica,0,160556595,58410862.36
0,SouthernAfrica,Korea,0,74145711,58410862.36
0,SouthernAfrica,Madagascar,0,21151640,58410862.36
0,SouthernAfrica,Caribbean,0,40878080,58410862.36
0.000107972,SouthernAfrica,EastAfrica,1364936,312744208,58410862.36
0,SouthernAfrica,Spain,0,46576897,58410862.36
0,SouthernAfrica,SpanishSouthAmerica,0,198246902,58410862.36
0,SouthernAfrica,GermanEurope,0,114616640,58410862.36
0,SouthernAfrica,Portugal,0,10573100,58410862.36
0,SouthernAfrica,MiddleAfrica,0,107982268,58410862.36
0,SouthernAfrica,ArabicMiddleEast,0,129306537,58410862.36
0,SouthernAfrica,ChineseAsia,0,1347978819,58410862.36
0,SouthernAfrica,Canada,0,34005274,58410862.36
0,SouthernAfrica,EasternEurope,0,293323902,58410862.36
0,SouthernAfrica,Tajikistan,0,7641630,58410862.36
0,SouthernAfrica,FrenchWestAfrica,0,304167444,58410862.36
0,SouthernAfrica,PersianMiddleEast,0,103370678,58410862.36
0,SouthernAfrica,ArabicWestAfrica,0,3609543,58410862.36
0,SouthernAfrica,Japan,0,128070000,58410862.36
0.000194187,SouthernAfrica,SouthernAfrica,579885,58410862.36,58410862.36
0,SouthernAfrica,FrenchEurpoe,0,37094,58410862.36
0,SouthernAfrica,Somalia,0,12053223,58410862.36
0,SouthernAfrica,IndianSubcontinent,0,1601926753,58410862.36
0,SouthernAfrica,FrenchEurope,0,76430051,58410862.36
0,SouthernAfrica,RussianAsia,0,55419091,58410862.36
4.97E-05,SouthernAfrica,Angola,67541,23369131,58410862.36
2.10E-06,SouthernAfrica,AustrailiaNewZealand,3171,26382450,58410862.36
7.56E-06,Spain,MiddleAfrica,35316,107982268,46576897
2.05E-06,Spain,IndianSubcontinent,97561,1601926753,46576897
0,Spain,Spain,0,46576897,46576897
3.17E-05,Spain,ItalianEurope,97637,66608219,46576897
1.15E-06,Spain,Japan,6224,128070000,46576897
0.000137549,Spain,BritishIsles,428236,67406592,46576897
3.71E-06,Spain,Angola,4646,23369131,46576897
1.10E-06,Spain,Korea,3718,74145711,46576897
3.53E-06,Spain,ChineseAsia,144303,1347978819,46576897
1.03E-05,Spain,BalkanPeninsula,14865,27436867,46576897
3.72E-06,Spain,Canada,6429,34005274,46576897
6.18E-07,Spain,Somalia,438,12053223,46576897
3.35E-06,Spain,USA,38712,309413317,46576897
0.000105562,Spain,NorthAfrica,851175,203829916,46576897
2.07E-05,Spain,Brazil,162205,196796269,46576897
7.61E-06,Spain,ArabicMiddleEast,41497,129306537,46576897
4.14E-07,Spain,Melanesia,228,8982274,46576897
1.02E-06,Spain,SouthernAfrica,2819,58410862.36,46576897
4.34E-05,Spain,ArabicWestAfrica,10888,3609543,46576897
2.25E-06,Spain,SoutheastAsia,45664,595790239,46576897
5.17E-07,Spain,Madagascar,594,21151640,46576897
0.000104299,Spain,FrenchEurpoe,511,37094,46576897
0.000246571,Spain,Portugal,156062,10573100,46576897
8.88E-05,Spain,FrenchEurope,307955,76430051,46576897
1.31E-06,Spain,PersianMiddleEast,5871,103370678,46576897
6.03E-05,Spain,NordicCountries,99055,32071316,46576897
6.06E-08,Spain,Tajikistan,29,7641630,46576897
0.000118584,Spain,Caribbean,240132,40878080,46576897
5.21E-06,Spain,AustrailiaNewZealand,7243,26382450,46576897
8.50E-05,Spain,GermanEurope,417617,114616640,46576897
3.72E-07,Spain,RussianAsia,979,55419091,46576897
1.13E-06,Spain,TurkishMiddleEast,5050,103089615,46576897
1.68E-05,Spain,CentralAmerica,110117,160556595,46576897
0.000114956,Spain,EasternEurope,1267630,293323902,46576897
0.000267308,Spain,SpanishSouthAmerica,2104509,198246902,46576897
6.47E-07,Spain,EastAfrica,7538,312744208,46576897
1.55E-05,Spain,FrenchWestAfrica,176125,304167444,46576897
5.13E-05,SpanishSouthAmerica,Portugal,54718,10573100,198246902
4.51E-06,SpanishSouthAmerica,USA,87777,309413317,198246902
1.91E-07,SpanishSouthAmerica,SouthernAfrica,887,58410862.36,198246902
3.68E-06,SpanishSouthAmerica,ArabicMiddleEast,33773,129306537,198246902
3.19E-08,SpanishSouthAmerica,IndianSubcontinent,2552,1601926753,198246902
1.37E-07,SpanishSouthAmerica,TurkishMiddleEast,1033,103089615,198246902
1.43E-07,SpanishSouthAmerica,Angola,301,23369131,198246902
4.62E-07,SpanishSouthAmerica,ChineseAsia,31887,1347978819,198246902
2.67E-06,SpanishSouthAmerica,NordicCountries,7390,32071316,198246902
7.39E-06,SpanishSouthAmerica,GermanEurope,61171,114616640,198246902
1.17E-06,SpanishSouthAmerica,BalkanPeninsula,2838,27436867,198246902
4.15E-08,SpanishSouthAmerica,FrenchWestAfrica,795,304167444,198246902
4.60E-06,SpanishSouthAmerica,CentralAmerica,50903,160556595,198246902
1.53E-06,SpanishSouthAmerica,Japan,13949,128070000,198246902
4.78E-08,SpanishSouthAmerica,SoutheastAsia,1633,595790239,198246902
5.45E-05,SpanishSouthAmerica,ItalianEurope,282713,66608219,198246902
1.08E-07,SpanishSouthAmerica,PersianMiddleEast,815,103370678,198246902
0.000174871,SpanishSouthAmerica,SpanishSouthAmerica,2319053,198246902,198246902
1.42E-08,SpanishSouthAmerica,ArabicWestAfrica,6,3609543,198246902
1.57E-07,SpanishSouthAmerica,RussianAsia,695,55419091,198246902
1.34E-05,SpanishSouthAmerica,Brazil,177175,196796269,198246902
2.33E-07,SpanishSouthAmerica,Melanesia,216,8982274,198246902
1.44E-06,SpanishSouthAmerica,AustrailiaNewZealand,3373,26382450,198246902
2.14E-08,SpanishSouthAmerica,EastAfrica,421,312744208,198246902
5.10E-06,SpanishSouthAmerica,FrenchEurope,29780,76430051,198246902
1.86E-06,SpanishSouthAmerica,EasternEurope,34634,293323902,198246902
4.13E-08,SpanishSouthAmerica,MiddleAfrica,325,107982268,198246902
2.82E-06,SpanishSouthAmerica,Korea,16080,74145711,198246902
3.76E-06,SpanishSouthAmerica,FrenchEurpoe,31,37094,198246902
6.77E-05,SpanishSouthAmerica,Spain,258465,46576897,198246902
1.83E-06,SpanishSouthAmerica,BritishIsles,9613,67406592,198246902
1.39E-05,SpanishSouthAmerica,Caribbean,47563,40878080,198246902
4.41E-06,SpanishSouthAmerica,Canada,12842,34005274,198246902
2.27E-08,SpanishSouthAmerica,Madagascar,44,21151640,198246902
7.54E-09,SpanishSouthAmerica,Somalia,9,12053223,198246902
1.68E-07,SpanishSouthAmerica,NorthAfrica,2278,203829916,198246902
9.92E-08,SpanishSouthAmerica,Tajikistan,80,7641630,198246902
0,Tajikistan,Portugal,0,10573100,7641630
0,Tajikistan,USA,0,309413317,7641630
0,Tajikistan,SoutheastAsia,0,595790239,7641630
0,Tajikistan,Somalia,0,12053223,7641630
0,Tajikistan,Japan,0,128070000,7641630
1.52E-05,Tajikistan,RussianAsia,20824,55419091,7641630
0,Tajikistan,ItalianEurope,0,66608219,7641630
0,Tajikistan,NordicCountries,0,32071316,7641630
3.33E-05,Tajikistan,EasternEurope,191754,293323902,7641630
0,Tajikistan,ArabicWestAfrica,0,3609543,7641630
0,Tajikistan,GermanEurope,0,114616640,7641630
0,Tajikistan,Canada,0,34005274,7641630
0,Tajikistan,FrenchWestAfrica,0,304167444,7641630
0,Tajikistan,TurkishMiddleEast,0,103089615,7641630
0,Tajikistan,SpanishSouthAmerica,0,198246902,7641630
2.42E-05,Tajikistan,PersianMiddleEast,56816,103370678,7641630
0,Tajikistan,Melanesia,0,8982274,7641630
0,Tajikistan,Spain,0,46576897,7641630
0,Tajikistan,ArabicMiddleEast,0,129306537,7641630
0,Tajikistan,FrenchEurope,0,76430051,7641630
0,Tajikistan,Caribbean,0,40878080,7641630
0,Tajikistan,BritishIsles,0,67406592,7641630
0,Tajikistan,Brazil,0,196796269,7641630
0,Tajikistan,EastAfrica,0,312744208,7641630
0,Tajikistan,BalkanPeninsula,0,27436867,7641630
0,Tajikistan,FrenchEurpoe,0,37094,7641630
0,Tajikistan,CentralAmerica,0,160556595,7641630
0,Tajikistan,MiddleAfrica,0,107982268,7641630
0,Tajikistan,Tajikistan,0,7641630,7641630
0,Tajikistan,SouthernAfrica,0,58410862.36,7641630
0,Tajikistan,AustrailiaNewZealand,0,26382450,7641630
0,Tajikistan,Korea,0,74145711,7641630
0,Tajikistan,IndianSubcontinent,0,1601926753,7641630
0,Tajikistan,NorthAfrica,0,203829916,7641630
0,Tajikistan,Angola,0,23369131,7641630
0,Tajikistan,ChineseAsia,0,1347978819,7641630
0,Tajikistan,Madagascar,0,21151640,7641630
6.09E-08,TurkishMiddleEast,SoutheastAsia,1643,595790239,103089615
1.22E-07,TurkishMiddleEast,SouthernAfrica,446,58410862.36,103089615
1.36E-07,TurkishMiddleEast,Korea,610,74145711,103089615
3.70E-08,TurkishMiddleEast,Brazil,385,196796269,103089615
1.96E-06,TurkishMiddleEast,AustrailiaNewZealand,3617,26382450,103089615
1.01E-06,TurkishMiddleEast,USA,15469,309413317,103089615
4.49E-07,TurkishMiddleEast,Spain,1355,46576897,103089615
4.69E-07,TurkishMiddleEast,Tajikistan,299,7641630,103089615
5.34E-06,TurkishMiddleEast,RussianAsia,18700,55419091,103089615
5.67E-06,TurkishMiddleEast,PersianMiddleEast,33951,103370678,103089615
5.46E-05,TurkishMiddleEast,BalkanPeninsula,104527,27436867,103089615
4.07E-05,TurkishMiddleEast,EasternEurope,598066,293323902,103089615
3.12E-07,TurkishMiddleEast,Japan,2244,128070000,103089615
1.23E-08,TurkishMiddleEast,Melanesia,9,8982274,103089615
2.97E-08,TurkishMiddleEast,Somalia,28,12053223,103089615
5.48E-05,TurkishMiddleEast,GermanEurope,358822,114616640,103089615
1.34E-08,TurkishMiddleEast,MiddleAfrica,83,107982268,103089615
6.03E-06,TurkishMiddleEast,FrenchEurope,27835,76430051,103089615
1.54E-05,TurkishMiddleEast,ArabicMiddleEast,112044,129306537,103089615
2.99E-07,TurkishMiddleEast,Portugal,252,10573100,103089615
3.91E-08,TurkishMiddleEast,EastAfrica,607,312744208,103089615
5.00E-08,TurkishMiddleEast,IndianSubcontinent,3159,1601926753,103089615
6.95E-07,TurkishMiddleEast,Canada,1599,34005274,103089615
1.74E-06,TurkishMiddleEast,ItalianEurope,7148,66608219,103089615
6.54E-10,TurkishMiddleEast,Madagascar,1,21151640,103089615
5.50E-06,TurkishMiddleEast,BritishIsles,22775,67406592,103089615
3.57E-08,TurkishMiddleEast,ChineseAsia,1946,1347978819,103089615
4.20E-08,TurkishMiddleEast,FrenchWestAfrica,636,304167444,103089615
7.38E-06,TurkishMiddleEast,NordicCountries,16151,32071316,103089615
1.20E-09,TurkishMiddleEast,Angola,2,23369131,103089615
4.40E-08,TurkishMiddleEast,SpanishSouthAmerica,461,198246902,103089615
9.20E-07,TurkishMiddleEast,FrenchEurpoe,6,37094,103089615
4.49E-08,TurkishMiddleEast,ArabicWestAfrica,15,3609543,103089615
1.77E-06,TurkishMiddleEast,TurkishMiddleEast,10547,103089615,103089615
5.08E-08,TurkishMiddleEast,Caribbean,137,40878080,103089615
3.25E-08,TurkishMiddleEast,CentralAmerica,284,160556595,103089615
1.01E-06,TurkishMiddleEast,NorthAfrica,10808,203829916,103089615
6.58E-07,USA,Madagascar,1496,21151640,309413317
3.53E-05,USA,AustrailiaNewZealand,97021,26382450,309413317
0.000200663,USA,Korea,1340714,74145711,309413317
5.58E-06,USA,ArabicWestAfrica,2769,3609543,309413317
1.34E-05,USA,EastAfrica,309301,312744208,309413317
2.37E-05,USA,TurkishMiddleEast,210226,103089615,309413317
2.42E-05,USA,ChineseAsia,1962475,1347978819,309413317
4.04E-05,USA,Melanesia,43914,8982274,309413317
9.15E-05,USA,SoutheastAsia,3670576,595790239,309413317
4.65E-05,USA,PersianMiddleEast,413591,103370678,309413317
2.90E-05,USA,FrenchEurope,198681,76430051,309413317
0.000142771,USA,Portugal,178668,10573100,309413317
7.16E-06,USA,RussianAsia,37256,55419091,309413317
0.000137124,USA,BritishIsles,844098,67406592,309413317
3.18E-05,USA,Japan,340393,128070000,309413317
6.09E-05,USA,NordicCountries,197961,32071316,309413317
2.31E-05,USA,IndianSubcontinent,2165641,1601926753,309413317
0.001111972,USA,CentralAmerica,14438696,160556595,309413317
5.09E-07,USA,USA,11625,309413317,309413317
7.53E-05,USA,FrenchEurpoe,729,37094,309413317
2.28E-06,USA,Angola,5637,23369131,309413317
1.78E-05,USA,NorthAfrica,283122,203829916,309413317
8.50E-05,USA,GermanEurope,826299,114616640,309413317
4.59E-06,USA,MiddleAfrica,42351,107982268,309413317
2.19E-05,USA,Brazil,339141,196796269,309413317
3.75E-06,USA,Tajikistan,3545,7641630,309413317
8.70E-05,USA,ItalianEurope,530001,66608219,309413317
7.83E-05,USA,Somalia,109618,12053223,309413317
2.12E-05,USA,FrenchWestAfrica,477909,304167444,309413317
1.84E-05,USA,Spain,82440,46576897,309413317
0.000245151,USA,Canada,837833,34005274,309413317
0.001280489,USA,Caribbean,5126862,40878080,309413317
7.54E-05,USA,EasternEurope,1643031,293323902,309413317
1.57E-05,USA,SouthernAfrica,85431,58410862.36,309413317
0.000117971,USA,BalkanPeninsula,335226,27436867,309413317
0.000145885,USA,SpanishSouthAmerica,2270915,198246902,309413317
6.33E-05,USA,ArabicMiddleEast,682510,129306537,309413317